id;title;authors;year;venue;search_string
1;A Random and an Algorithmic Technique for Fault Detection Test Generation for Sequential Circuits;M. Breuer;1971;IEEE transactions on computers;"(""REST API"" OR ""Web API"") AND (""LLM"" OR ""Generative AI"" OR ""zero-shot"" OR ""few-shot"") AND (""automated test generation"") AND (""endpoint coverage"" OR ""operation coverage"" OR ""bug detection"" OR ""fault detection"")"
2;Test Generation for Microprocessors;S. Thatte, J. Abraham;1980;IEEE Trans. Computers;"(""REST API"" OR ""Web API"") AND (""LLM"" OR ""Generative AI"" OR ""zero-shot"" OR ""few-shot"") AND (""automated test generation"") AND (""endpoint coverage"" OR ""operation coverage"" OR ""bug detection"" OR ""fault detection"")"
3;Survey of expert systems for fault detection, test generation and maintenance;L. Pau;1986;;"(""REST API"" OR ""Web API"") AND (""LLM"" OR ""Generative AI"" OR ""zero-shot"" OR ""few-shot"") AND (""automated test generation"") AND (""endpoint coverage"" OR ""operation coverage"" OR ""bug detection"" OR ""fault detection"")"
4;Test generation by fault sampling;V. Agrawal, H. Farhat, S. Seth;1988;Conference on Advanced Research in VLSI;"(""REST API"" OR ""Web API"") AND (""LLM"" OR ""Generative AI"" OR ""zero-shot"" OR ""few-shot"") AND (""automated test generation"") AND (""endpoint coverage"" OR ""operation coverage"" OR ""bug detection"" OR ""fault detection"")"
5;Delay test generation. I. Concepts and coverage metrics;V. Iyengar, B. Rosen, I. Spillinger;1988;International Test Conference 1988 Proceeding@m_New Frontiers in Testing;"(""REST API"" OR ""Web API"") AND (""LLM"" OR ""Generative AI"" OR ""zero-shot"" OR ""few-shot"") AND (""automated test generation"") AND (""endpoint coverage"" OR ""operation coverage"" OR ""bug detection"" OR ""fault detection"")"
6;Fault diagnosis in dynamic systems using analytical and knowledge-based redundancy: A survey and some new results;P. Frank;1990;at - Automatisierungstechnik;"(""REST API"" OR ""Web API"") AND (""LLM"" OR ""Generative AI"" OR ""zero-shot"" OR ""few-shot"") AND (""automated test generation"") AND (""endpoint coverage"" OR ""operation coverage"" OR ""bug detection"" OR ""fault detection"")"
7;Experiments on the effectiveness of dataflow- and control-flow-based test adequacy criteria;Monica Hutchins, Herbert Foster, Tarak Goradia, T. Ostrand;1994;Proceedings of 16th International Conference on Software Engineering;"(""REST API"" OR ""Web API"") AND (""LLM"" OR ""Generative AI"" OR ""zero-shot"" OR ""few-shot"") AND (""automated test generation"") AND (""endpoint coverage"" OR ""operation coverage"" OR ""bug detection"" OR ""fault detection"")"
8;Effect of test set size and block coverage on the fault detection effectiveness;W. E. Wong, J. R. Horgan, Saul London, A. Mathur;1994;Proceedings of 1994 IEEE International Symposium on Software Reliability Engineering;"(""REST API"" OR ""Web API"") AND (""LLM"" OR ""Generative AI"" OR ""zero-shot"" OR ""few-shot"") AND (""automated test generation"") AND (""endpoint coverage"" OR ""operation coverage"" OR ""bug detection"" OR ""fault detection"")"
9;The Combinatorial Design Approach to Automatic Test Generation;D. Cohen, S. Dalal, J. Parelius, G. Patton;1996;IEEE Software;"(""REST API"" OR ""Web API"") AND (""LLM"" OR ""Generative AI"" OR ""zero-shot"" OR ""few-shot"") AND (""automated test generation"") AND (""endpoint coverage"" OR ""operation coverage"" OR ""bug detection"" OR ""fault detection"")"
10;Information criteria for residual generation and fault detection and isolation;M. Basseville;1997;at - Automatisierungstechnik;"(""REST API"" OR ""Web API"") AND (""LLM"" OR ""Generative AI"" OR ""zero-shot"" OR ""few-shot"") AND (""automated test generation"") AND (""endpoint coverage"" OR ""operation coverage"" OR ""bug detection"" OR ""fault detection"")"
11;Supervision, fault-detection and fault-diagnosis methods — An introduction;R. Isermann;1997;;"(""REST API"" OR ""Web API"") AND (""LLM"" OR ""Generative AI"" OR ""zero-shot"" OR ""few-shot"") AND (""automated test generation"") AND (""endpoint coverage"" OR ""operation coverage"" OR ""bug detection"" OR ""fault detection"")"
12;Fault detection and diagnosis in engineering systems;J. Gertler;1998;;"(""REST API"" OR ""Web API"") AND (""LLM"" OR ""Generative AI"" OR ""zero-shot"" OR ""few-shot"") AND (""automated test generation"") AND (""endpoint coverage"" OR ""operation coverage"" OR ""bug detection"" OR ""fault detection"")"
13;Transient fault detection via simultaneous multithreading;S. Reinhardt, Shubhendu S. Mukherjee;2000;Proceedings of 27th International Symposium on Computer Architecture (IEEE Cat. No.RS00201);"(""REST API"" OR ""Web API"") AND (""LLM"" OR ""Generative AI"" OR ""zero-shot"" OR ""few-shot"") AND (""automated test generation"") AND (""endpoint coverage"" OR ""operation coverage"" OR ""bug detection"" OR ""fault detection"")"
14;Prioritizing test cases for regression testing;Gregg Rothermel, R. Untch, Chengyun Chu, M. J. Harrold;2000;International Symposium on Software Testing and Analysis;"(""REST API"" OR ""Web API"") AND (""LLM"" OR ""Generative AI"" OR ""zero-shot"" OR ""few-shot"") AND (""automated test generation"") AND (""endpoint coverage"" OR ""operation coverage"" OR ""bug detection"" OR ""fault detection"")"
15;Testing of communicating systems XIV : application to internet technologies and services : IFIP TC6/WG6.1 fourteenth International Conference on Testing of Communicating Systems (TestCom 2002), March…;Ifip Tc, Ina Scieferdecker, H. König, W. Adam;2002;;"(""REST API"" OR ""Web API"" OR ""OpenAPI"" OR ""Swagger"") AND (""Large Language Model"" OR ""LLM"") AND (""test generation"" OR ""test case generation"") AND (""coverage"" OR ""fault detection"")"
16;Test-suite reduction for model based tests: effects on test quality and implications for testing;M. Heimdahl, G. Devaraj;2004;Proceedings. 19th International Conference on…;"(""REST API"" OR ""Web API"" OR ""OpenAPI"" OR ""Swagger"") AND (""Large Language Model"" OR ""LLM"") AND (""test generation"" OR ""test case generation"") AND (""coverage"" OR ""fault detection"")"
17;Pin: building customized program analysis tools with dynamic instrumentation;C. Luk, R. Cohn, K. Hazelwood;2005;ACM-SIGPLAN Symposium on Programming Language…;"(""REST API"" OR ""Web API"") AND (""LLM"" OR ""Generative AI"" OR ""zero-shot"" OR ""few-shot"") AND (""automated test generation"") AND (""endpoint coverage"" OR ""operation coverage"" OR ""bug detection"" OR ""fault detection"")"
18;Case studies on fault detection effectiveness of model based test generation techniques;A. Paradkar;2005;ACM SIGSOFT Softw. Eng. Notes;"(""REST API"" OR ""Web API"") AND (""LLM"" OR ""Generative AI"" OR ""zero-shot"" OR ""few-shot"") AND (""automated test generation"") AND (""endpoint coverage"" OR ""operation coverage"" OR ""bug detection"" OR ""fault detection"")"
19;Automated replay and failure detection for web applications;Sara Sprenkle, Emily Hill, Sreedevi Sampath, Lori L. Pollock;2005;International Conference on Automated Software…;"(""REST API"" OR ""Web API"") AND (""LLM"" OR ""Generative AI"" OR ""zero-shot"" OR ""few-shot"") AND (""automated test generation"") AND (""endpoint coverage"" OR ""operation coverage"" OR ""bug detection"" OR ""fault detection"")"
20;A comparison of MC/DC, MUMCUT and several other coverage criteria for logical decisions;Yuen-Tak Yu, M. Lau;2006;Journal of Systems and Software;"(""REST API"" OR ""Web API"") AND (""LLM"" OR ""Generative AI"" OR ""zero-shot"" OR ""few-shot"") AND (""automated test generation"") AND (""endpoint coverage"" OR ""operation coverage"" OR ""bug detection"" OR ""fault detection"")"
21;Using Mutation Analysis for Assessing and Comparing Testing Coverage Criteria;J. Andrews, L. Briand, Y. Labiche, A. Namin;2006;IEEE Transactions on Software Engineering;"(""REST API"" OR ""Web API"") AND (""LLM"" OR ""Generative AI"" OR ""zero-shot"" OR ""few-shot"") AND (""automated test generation"") AND (""endpoint coverage"" OR ""operation coverage"" OR ""bug detection"" OR ""fault detection"")"
22;Call-Stack Coverage for GUI Test Suite Reduction;S. McMaster, A. Memon;2006;IEEE Transactions on Software Engineering;"(""REST API"" OR ""Web API"") AND (""LLM"" OR ""Generative AI"" OR ""zero-shot"" OR ""few-shot"") AND (""automated test generation"") AND (""endpoint coverage"" OR ""operation coverage"" OR ""bug detection"" OR ""fault detection"")"
23;Automated test generation for access control policies;Evan Martin;2006;Conference on Object-Oriented Programming Systems, Languages, and Applications;"(""REST API"" OR ""Web API"") AND (""LLM"" OR ""Generative AI"" OR ""zero-shot"" OR ""few-shot"") AND (""automated test generation"") AND (""endpoint coverage"" OR ""operation coverage"" OR ""bug detection"" OR ""fault detection"")"
24;On the effect of test-suite reduction on automatically generated model-based tests;M. Heimdahl, G. Devaraj;2007;International Conference on Automated Software…;"(""REST API"" OR ""Web API"" OR ""OpenAPI"" OR ""Swagger"") AND (""Large Language Model"" OR ""LLM"") AND (""test generation"" OR ""test case generation"") AND (""coverage"" OR ""fault detection"")"
25;Automated Functional Conformance Test Generation for Semantic Web Services;A. Paradkar, A. Sinha, Clay E. Williams, Robert D. Johnson, S. Outterson, Charles Shriver, C. Liang;2007;IEEE International Conference on Web Services (ICWS 2007);"(""REST API"" OR ""Web API"") AND (""LLM"" OR ""Generative AI"" OR ""zero-shot"" OR ""few-shot"") AND (""automated test generation"") AND (""endpoint coverage"" OR ""operation coverage"" OR ""bug detection"" OR ""fault detection"")"
26;Automated Test Generation for Access Control Policies via Change-Impact Analysis;Evan Martin, Tao Xie;2007;Third International Workshop on Software Engineering for Secure Systems (SESS'07: ICSE Workshops 2007);"(""REST API"" OR ""Web API"") AND (""LLM"" OR ""Generative AI"" OR ""zero-shot"" OR ""few-shot"") AND (""automated test generation"") AND (""endpoint coverage"" OR ""operation coverage"" OR ""bug detection"" OR ""fault detection"")"
27;Designing and comparing automated test oracles for GUI-based software applications;Qing Xie, A. Memon;2007;TSEM;"(""REST API"" OR ""Web API"") AND (""LLM"" OR ""Generative AI"" OR ""zero-shot"" OR ""few-shot"") AND (""automated test generation"") AND (""endpoint coverage"" OR ""operation coverage"" OR ""bug detection"" OR ""fault detection"")"
28;Test suite prioritization by interaction coverage;Renée C. Bryce, A. Memon;2007;DOSTA '07;"(""REST API"" OR ""Web API"") AND (""LLM"" OR ""Generative AI"" OR ""zero-shot"" OR ""few-shot"") AND (""automated test generation"") AND (""endpoint coverage"" OR ""operation coverage"" OR ""bug detection"" OR ""fault detection"")"
29;Prioritizing User-Session-Based Test Cases for Web Applications Testing;Sreedevi Sampath, Renée C. Bryce, G. Viswanath, Vani Kandimalla, A. G. Koru;2008;International Conference on Information Control Systems & Technologies;"(""REST API"" OR ""Web API"") AND (""LLM"" OR ""Generative AI"" OR ""zero-shot"" OR ""few-shot"") AND (""automated test generation"") AND (""endpoint coverage"" OR ""operation coverage"" OR ""bug detection"" OR ""fault detection"")"
30;Feedback-Directed Model-Based GUI Test Case Generation;Xun Yuan;2008;;"(""REST API"" OR ""Web API"" OR ""OpenAPI"" OR ""Swagger"") AND (""Large Language Model"" OR ""LLM"") AND (""test generation"" OR ""test case generation"") AND (""coverage"" OR ""fault detection"")"
31;Online wind turbine fault detection through automated SCADA data analysis;A. Zaher, S. Mcarthur, D. Infield, Y. Patel;2009;;"(""REST API"" OR ""Web API"") AND (""LLM"" OR ""Generative AI"" OR ""zero-shot"" OR ""few-shot"") AND (""automated test generation"") AND (""endpoint coverage"" OR ""operation coverage"" OR ""bug detection"" OR ""fault detection"")"
32;Mutation-Based Test Case Generation for Simulink Models;Angelo Brillout, Nannan He, Georg Weissenbacher;2009;Formal Methods for Components and Objects;"(""REST API"" OR ""Web API"") AND (""LLM"" OR ""Generative AI"" OR ""zero-shot"" OR ""few-shot"") AND (""automated test generation"") AND (""endpoint coverage"" OR ""operation coverage"" OR ""bug detection"" OR ""fault detection"")"
33;Inferring Resource Specifications from Natural Language API Documentation;Hao Zhong, Lu Zhang, Tao Xie, Hong Mei;2009;2009 IEEE/ACM International Conference on Automated Software Engineering;"(""REST API"" OR ""Web API"") AND (""LLM"" OR ""Generative AI"" OR ""zero-shot"" OR ""few-shot"") AND (""automated test generation"") AND (""endpoint coverage"" OR ""operation coverage"" OR ""bug detection"" OR ""fault detection"")"
34;Increasing Diversity in Coverage Test Suites Using Model Checking;Gordon Fraser, F. Wotawa;2009;2009 Ninth International Conference on Quality Software;"(""REST API"" OR ""Web API"" OR ""OpenAPI"" OR ""Swagger"") AND (""Large Language Model"" OR ""LLM"") AND (""test generation"" OR ""test case generation"") AND (""coverage"" OR ""fault detection"")"
35;Towards a Framework for Automated Random Testing of Aspect-Oriented Programs;R. Parizi, A. Ghani, R. Abdullah, R. Atan;2009;Software Engineering and Data Engineering;"(""REST API"" OR ""Web API"" OR ""OpenAPI"" OR ""Swagger"") AND (""Large Language Model"" OR ""LLM"") AND (""test generation"" OR ""test case generation"") AND (""coverage"" OR ""fault detection"")"
36;Using Coverage Information to Guide Test Case Selection in Adaptive Random Testing;Z. Zhou;2010;2010 IEEE 34th Annual Computer Software and…;"(""REST API"" OR ""Web API"" OR ""OpenAPI"" OR ""Swagger"") AND (""Large Language Model"" OR ""LLM"") AND (""test generation"" OR ""test case generation"") AND (""coverage"" OR ""fault detection"")"
37;Guided test generation for coverage criteria;Rahul Pandita, Tao Xie, N. Tillmann, J. D. Halleux;2010;2010 IEEE International Conference on Software Maintenance;"(""REST API"" OR ""Web API"") AND (""LLM"" OR ""Generative AI"" OR ""zero-shot"" OR ""few-shot"") AND (""automated test generation"") AND (""endpoint coverage"" OR ""operation coverage"" OR ""bug detection"" OR ""fault detection"")"
38;Automated unit and integration testing for component-based software systems;F. Saglietti, F. Pinte;2010;S&D4RCES '10;"(""REST API"" OR ""Web API"" OR ""OpenAPI"" OR ""Swagger"") AND (""Large Language Model"" OR ""LLM"") AND (""test generation"" OR ""test case generation"") AND (""coverage"" OR ""fault detection"")"
39;ParTeG - Integrating Model-based Testing and Model Transformations;Dehla Sokenou, Stephan Weißleder;2010;Software Engineering;"(""REST API"" OR ""Web API"" OR ""OpenAPI"" OR ""Swagger"") AND (""Large Language Model"" OR ""LLM"") AND (""test generation"" OR ""test case generation"") AND (""coverage"" OR ""fault detection"")"
40;Integrated Model-based Test Case Generation;Yujian Fu, S. Li, Sudipto Bhattacharjee, Zhijiang Dong;2010;;"(""REST API"" OR ""Web API"" OR ""OpenAPI"" OR ""Swagger"") AND (""Large Language Model"" OR ""LLM"") AND (""test generation"" OR ""test case generation"") AND (""coverage"" OR ""fault detection"")"
41;Test Case Generation and Prioritization for Semantic Based Web Services using Orthogonal Array Testing Technique;A. Askarunisa, A. Abirami, Dr.N. Ramaraj;2010;;"(""REST API"" OR ""Web API"" OR ""OpenAPI"" OR ""Swagger"") AND (""Large Language Model"" OR ""LLM"") AND (""test generation"" OR ""test case generation"") AND (""coverage"" OR ""fault detection"")"
42;A new approach for session-based test case generation by GA;Xuan Peng, Lu Lu;2011;IEEE International Conference on Communication…;"(""REST API"" OR ""Web API"" OR ""OpenAPI"" OR ""Swagger"") AND (""Large Language Model"" OR ""LLM"") AND (""test generation"" OR ""test case generation"") AND (""coverage"" OR ""fault detection"")"
43;User-session-based automatic test case generation using GA;Xuan Peng, Lu Lu;2011;;"(""REST API"" OR ""Web API"" OR ""OpenAPI"" OR ""Swagger"") AND (""Large Language Model"" OR ""LLM"") AND (""test generation"" OR ""test case generation"") AND (""coverage"" OR ""fault detection"")"
44;Structural Equivalence Partition and Boundary Testing;Norbert Oster, M. Philippsen;2011;Software Engineering;"(""REST API"" OR ""Web API"" OR ""OpenAPI"" OR ""Swagger"") AND (""Large Language Model"" OR ""LLM"") AND (""test generation"" OR ""test case generation"") AND (""coverage"" OR ""fault detection"")"
45;Introduction to the Software Testing and Internet Testbeds Minitrack;L. Burns, Ron Ostrenga, R. Linger;2012;Hawaii International Conference on System…;"(""REST API"" OR ""Web API"" OR ""OpenAPI"" OR ""Swagger"") AND (""Large Language Model"" OR ""LLM"") AND (""test generation"" OR ""test case generation"") AND (""coverage"" OR ""fault detection"")"
46;Generation test case from UML activity diagram based on AC grammar;Kanjanee Pechtanun, S. Kansomkeat;2012;International Conference Communication and…;"(""REST API"" OR ""Web API"" OR ""OpenAPI"" OR ""Swagger"") AND (""Large Language Model"" OR ""LLM"") AND (""test generation"" OR ""test case generation"") AND (""coverage"" OR ""fault detection"")"
47;Leveraging test generation and specification mining for automated bug detection without false positives;Michael Pradel, T. Gross;2012;International Conference on Software Engineering;"(""REST API"" OR ""Web API"") AND (""LLM"" OR ""Generative AI"" OR ""zero-shot"" OR ""few-shot"") AND (""automated test generation"") AND (""endpoint coverage"" OR ""operation coverage"" OR ""bug detection"" OR ""fault detection"")"
48;Oracle-Centric Test Case Prioritization;Matthew Staats, Pablo Loyola, Gregg Rothermel;2012;IEEE International Symposium on Software…;"(""REST API"" OR ""Web API"" OR ""OpenAPI"" OR ""Swagger"") AND (""Large Language Model"" OR ""LLM"") AND (""test generation"" OR ""test case generation"") AND (""coverage"" OR ""fault detection"")"
49;State aware test case regeneration for improving web application test suite coverage and fault detection;N. Alshahwan, M. Harman;2012;International Symposium on Software Testing and…;"(""REST API"" OR ""Web API"") AND (""LLM"" OR ""Generative AI"" OR ""zero-shot"" OR ""few-shot"") AND (""automated test generation"") AND (""endpoint coverage"" OR ""operation coverage"" OR ""bug detection"" OR ""fault detection"")"
50;Test Case Generation For Concurrent Object-Oriented Systems Using Combinational Uml Models;Swagatika Dalai, A. Acharya, D. Mohapatra;2012;;"(""REST API"" OR ""Web API"" OR ""OpenAPI"" OR ""Swagger"") AND (""Large Language Model"" OR ""LLM"") AND (""test generation"" OR ""test case generation"") AND (""coverage"" OR ""fault detection"")"
51;Study Paper on Test Case generation for GUI Based Testing;A. Isabella, Emi Retna;2012;arXiv.org;"(""REST API"" OR ""Web API"" OR ""OpenAPI"" OR ""Swagger"") AND (""Large Language Model"" OR ""LLM"") AND (""test generation"" OR ""test case generation"") AND (""coverage"" OR ""fault detection"")"
52;Automatische Optimierung und Evaluierung modellbasierter Testfälle für den Komponenten- und Integrationstest;Florin Pinte;2012;;"(""REST API"" OR ""Web API"" OR ""OpenAPI"" OR ""Swagger"") AND (""Large Language Model"" OR ""LLM"") AND (""test generation"" OR ""test case generation"") AND (""coverage"" OR ""fault detection"")"
53;Coverage-Based Test Case Prioritisation: An Industrial Case Study;D. D. Nardo, N. Alshahwan, L. Briand, Y. Labiche;2013;2013 IEEE Sixth International Conference on…;"(""REST API"" OR ""Web API"") AND (""LLM"" OR ""Generative AI"" OR ""zero-shot"" OR ""few-shot"") AND (""automated test generation"") AND (""endpoint coverage"" OR ""operation coverage"" OR ""bug detection"" OR ""fault detection"")"
54;Whitening SOA Testing via Event Exposure;Chunyang Ye, H. Jacobsen;2013;IEEE Transactions on Software Engineering;"(""REST API"" OR ""Web API"" OR ""OpenAPI"" OR ""Swagger"") AND (""Large Language Model"" OR ""LLM"") AND (""test generation"" OR ""test case generation"") AND (""coverage"" OR ""fault detection"")"
55;Prioritization of Combinatorial Test Cases by Incremental Interaction Coverage;Rubing Huang, Xiaodong Xie, Dave Towey, T. Chen, Yansheng Lu, Jinfu Chen;2013;International journal of software engineering and…;"(""REST API"" OR ""Web API"" OR ""OpenAPI"" OR ""Swagger"") AND (""Large Language Model"" OR ""LLM"") AND (""test generation"" OR ""test case generation"") AND (""coverage"" OR ""fault detection"")"
56;Achieving scalable model-based testing through test case diversity;H. Hemmati, Andrea Arcuri, L. Briand;2013;TSEM;"(""REST API"" OR ""Web API"" OR ""OpenAPI"" OR ""Swagger"") AND (""Large Language Model"" OR ""LLM"") AND (""test generation"" OR ""test case generation"") AND (""coverage"" OR ""fault detection"")"
57;Automated GUI Test Cases Generation with Optimization Algorithm using a Model Driven Approach;Cse Dept, N. Malmurugan;2013;;"(""REST API"" OR ""Web API"" OR ""OpenAPI"" OR ""Swagger"") AND (""Large Language Model"" OR ""LLM"") AND (""test generation"" OR ""test case generation"") AND (""coverage"" OR ""fault detection"")"
58;Coverage is not strongly correlated with test suite effectiveness;L. Inozemtseva, Reid Holmes;2014;International Conference on Software Engineering;"(""REST API"" OR ""Web API"") AND (""LLM"" OR ""Generative AI"" OR ""zero-shot"" OR ""few-shot"") AND (""automated test generation"") AND (""endpoint coverage"" OR ""operation coverage"" OR ""bug detection"" OR ""fault detection"")"
59;Coverage and fault detection of the output-uniqueness test selection criteria;N. Alshahwan, M. Harman;2014;International Symposium on Software Testing and…;"(""REST API"" OR ""Web API"") AND (""LLM"" OR ""Generative AI"" OR ""zero-shot"" OR ""few-shot"") AND (""automated test generation"") AND (""endpoint coverage"" OR ""operation coverage"" OR ""bug detection"" OR ""fault detection"")"
60;Leveraging existing tests in automated test generation for web applications;Amin Milani Fard, Mehdi MirzaAghaei, A. Mesbah;2014;International Conference on Automated Software Engineering;"(""REST API"" OR ""Web API"") AND (""LLM"" OR ""Generative AI"" OR ""zero-shot"" OR ""few-shot"") AND (""automated test generation"") AND (""endpoint coverage"" OR ""operation coverage"" OR ""bug detection"" OR ""fault detection"")"
61;Coverage‐based regression test case selection, minimization and prioritization: a case study on an industrial system;D. D. Nardo, N. Alshahwan, L. Briand, Y. Labiche;2015;Software testing, verification & reliability;"(""REST API"" OR ""Web API"") AND (""LLM"" OR ""Generative AI"" OR ""zero-shot"" OR ""few-shot"") AND (""automated test generation"") AND (""endpoint coverage"" OR ""operation coverage"" OR ""bug detection"" OR ""fault detection"")"
62;Improved Test Pattern Generation for Hardware Trojan Detection Using Genetic Algorithm and Boolean Satisfiability;Sayandeep Saha, R. Chakraborty, Srinivasa Shashank Nuthakki, Anshul, Debdeep Mukhopadhyay;2015;Workshop on Cryptographic Hardware and Embedded…;"(""REST API"" OR ""Web API"") AND (""LLM"" OR ""Generative AI"" OR ""zero-shot"" OR ""few-shot"") AND (""automated test generation"") AND (""endpoint coverage"" OR ""operation coverage"" OR ""bug detection"" OR ""fault detection"")"
63;Aggregate-strength interaction test suite prioritization;Rubing Huang, Jinfu Chen, Dave Towey, A. Chan, Yansheng Lu;2015;Journal of Systems and Software;"(""REST API"" OR ""Web API"" OR ""OpenAPI"" OR ""Swagger"") AND (""Large Language Model"" OR ""LLM"") AND (""test generation"" OR ""test case generation"") AND (""coverage"" OR ""fault detection"")"
64;Do Automatically Generated Unit Tests Find Real Faults? An Empirical Study of Effectiveness and Challenges (T);S. Shamshiri, René Just, J. Rojas, Gordon Fraser, Phil McMinn, Andrea Arcuri;2015;International Conference on Automated Software Engineering;"(""REST API"" OR ""Web API"") AND (""LLM"" OR ""Generative AI"" OR ""zero-shot"" OR ""few-shot"") AND (""automated test generation"") AND (""endpoint coverage"" OR ""operation coverage"" OR ""bug detection"" OR ""fault detection"")"
65;DASE: Document-Assisted Symbolic Execution for Improving Automated Software Testing;Edmund Wong, Lei Zhang, Song Wang, Taiyue Liu, Lin Tan;2015;2015 IEEE/ACM 37th IEEE International Conference on Software Engineering;"(""REST API"" OR ""Web API"") AND (""LLM"" OR ""Generative AI"" OR ""zero-shot"" OR ""few-shot"") AND (""automated test generation"") AND (""endpoint coverage"" OR ""operation coverage"" OR ""bug detection"" OR ""fault detection"")"
66;An Automated Test Generation Technique for Software Quality Assurance;Dianxiang Xu, Weifeng Xu, Michael Kent, Lijo Thomas, Linzhang Wang;2015;IEEE Transactions on Reliability;"(""REST API"" OR ""Web API"") AND (""LLM"" OR ""Generative AI"" OR ""zero-shot"" OR ""few-shot"") AND (""automated test generation"") AND (""endpoint coverage"" OR ""operation coverage"" OR ""bug detection"" OR ""fault detection"")"
67;The Risks of Coverage-Directed Test Case Generation;Gregory Gay, Matthew Staats, M. Whalen, M. Heimdahl;2015;IEEE Transactions on Software Engineering;"(""REST API"" OR ""Web API"" OR ""OpenAPI"" OR ""Swagger"") AND (""Large Language Model"" OR ""LLM"") AND (""test generation"" OR ""test case generation"") AND (""coverage"" OR ""fault detection"")"
68;TEST CASE GENERATION AND PRIORITIZATION BASED ON UML BEHAVIORAL MODELS;A. Jena, S. Swain, Durga Prasad, Mohapatra;2015;;"(""REST API"" OR ""Web API"" OR ""OpenAPI"" OR ""Swagger"") AND (""Large Language Model"" OR ""LLM"") AND (""test generation"" OR ""test case generation"") AND (""coverage"" OR ""fault detection"")"
69;MUBench: A Benchmark for API-Misuse Detectors;Sven Amann, Sarah Nadi, H. Nguyen, T. Nguyen, M. Mezini;2016;IEEE Working Conference on Mining Software…;"(""REST API"" OR ""Web API"") AND (""LLM"" OR ""Generative AI"" OR ""zero-shot"" OR ""few-shot"") AND (""automated test generation"") AND (""endpoint coverage"" OR ""operation coverage"" OR ""bug detection"" OR ""fault detection"")"
70;Sapienz: multi-objective automated testing for Android applications;Ke Mao, M. Harman, Yue Jia;2016;International Symposium on Software Testing and Analysis;"(""REST API"" OR ""Web API"") AND (""LLM"" OR ""Generative AI"" OR ""zero-shot"" OR ""few-shot"") AND (""automated test generation"") AND (""endpoint coverage"" OR ""operation coverage"" OR ""bug detection"" OR ""fault detection"")"
71;Automated test generation for Debugging arithmetic circuits;Farimah Farahmandi, P. Mishra;2016;Design, Automation and Test in Europe;"(""REST API"" OR ""Web API"") AND (""LLM"" OR ""Generative AI"" OR ""zero-shot"" OR ""few-shot"") AND (""automated test generation"") AND (""endpoint coverage"" OR ""operation coverage"" OR ""bug detection"" OR ""fault detection"")"
72;Optimized test suites for automated testing using different optimization techniques;Manju Khari, Prabhat Kumar, D. Burgos, R. G. Crespo;2017;Soft Computing - A Fusion of Foundations…;"(""REST API"" OR ""Web API"") AND (""LLM"" OR ""Generative AI"" OR ""zero-shot"" OR ""few-shot"") AND (""automated test generation"") AND (""endpoint coverage"" OR ""operation coverage"" OR ""bug detection"" OR ""fault detection"")"
73;A correlation based fault detection method for short circuits in battery packs;Bing Xia, Yunlong Shang, Truong Q. Nguyen, C. Mi;2017;;"(""REST API"" OR ""Web API"") AND (""LLM"" OR ""Generative AI"" OR ""zero-shot"" OR ""few-shot"") AND (""automated test generation"") AND (""endpoint coverage"" OR ""operation coverage"" OR ""bug detection"" OR ""fault detection"")"
74;Application of deep neural network and generative adversarial network to industrial maintenance: A case study of induction motor fault detection;Y. Lee, Jun Jo, Jongwoon Hwang;2017;2017 IEEE International Conference on Big Data…;"(""REST API"" OR ""Web API"") AND (""LLM"" OR ""Generative AI"" OR ""zero-shot"" OR ""few-shot"") AND (""automated test generation"") AND (""endpoint coverage"" OR ""operation coverage"" OR ""bug detection"" OR ""fault detection"")"
75;An Industrial Evaluation of Unit Test Generation: Finding Real Faults in a Financial Application;M. Almasi, H. Hemmati, Gordon Fraser, Andrea Arcuri, Janis Benefelds;2017;2017 IEEE/ACM 39th International Conference on Software Engineering: Software Engineering in Practice Track (ICSE-SEIP);"(""REST API"" OR ""Web API"") AND (""LLM"" OR ""Generative AI"" OR ""zero-shot"" OR ""few-shot"") AND (""automated test generation"") AND (""endpoint coverage"" OR ""operation coverage"" OR ""bug detection"" OR ""fault detection"")"
76;Event-Triggered Fault Detection of Nonlinear Networked Systems;Hongyi Li, Ziran Chen, Ligang Wu, H. Lam, H. Du;2017;IEEE Transactions on Cybernetics;"(""REST API"" OR ""Web API"") AND (""LLM"" OR ""Generative AI"" OR ""zero-shot"" OR ""few-shot"") AND (""automated test generation"") AND (""endpoint coverage"" OR ""operation coverage"" OR ""bug detection"" OR ""fault detection"")"
77;A testing-coverage software reliability model considering fault removal efficiency and error generation;Qiuying Li, H. Pham;2017;PLoS ONE;"(""REST API"" OR ""Web API"") AND (""LLM"" OR ""Generative AI"" OR ""zero-shot"" OR ""few-shot"") AND (""automated test generation"") AND (""endpoint coverage"" OR ""operation coverage"" OR ""bug detection"" OR ""fault detection"")"
78;Delivering Test and Evaluation Tools for Autonomous Unmanned Vehicles to the Fleet;Galen E. Mullins, Paul G. Stankiewicz, Adam Watkins;2017;;"(""REST API"" OR ""Web API"" OR ""OpenAPI"" OR ""Swagger"") AND (""Large Language Model"" OR ""LLM"") AND (""test generation"" OR ""test case generation"") AND (""coverage"" OR ""fault detection"")"
79;A review of fault detection and diagnostics methods for building systems;Woohyun Kim, S. Katipamula;2018;;"(""REST API"" OR ""Web API"") AND (""LLM"" OR ""Generative AI"" OR ""zero-shot"" OR ""few-shot"") AND (""automated test generation"") AND (""endpoint coverage"" OR ""operation coverage"" OR ""bug detection"" OR ""fault detection"")"
80;Metamorphic Testing of RESTful Web APIs;Sergio Segura, J. A. Parejo, J. Troya, Antonio Ruiz-Cortés;2018;IEEE Transactions on Software Engineering;"(""REST API"" OR ""Web API"") AND (""LLM"" OR ""Generative AI"" OR ""zero-shot"" OR ""few-shot"") AND (""automated test generation"") AND (""endpoint coverage"" OR ""operation coverage"" OR ""bug detection"" OR ""fault detection"")"
81;[Journal First] Metamorphic Testing of RESTful Web APIs;Sergio Segura, J. A. Parejo, J. Troya, Antonio Ruiz-Cortés;2018;International Conference on Software Engineering;"(""REST API"" OR ""Web API"") AND (""LLM"" OR ""Generative AI"" OR ""zero-shot"" OR ""few-shot"") AND (""automated test generation"") AND (""endpoint coverage"" OR ""operation coverage"" OR ""bug detection"" OR ""fault detection"")"
82;Fault Detection Effectiveness of Source Test Case Generation Strategies for Metamorphic Testing;Prashanta Saha, Upulee Kanewala;2018;International Workshop on Metamorphic Testing;"(""REST API"" OR ""Web API"" OR ""OpenAPI"" OR ""Swagger"") AND (""Large Language Model"" OR ""LLM"") AND (""test generation"" OR ""test case generation"") AND (""coverage"" OR ""fault detection"")"
83;An Empirical Study of Android Test Generation Tools in Industrial Cases;Wenyu Wang, Dengfeng Li, Wei Yang, Yurui Cao, Zhenwen Zhang, Yuetang Deng, Tao Xie;2018;International Conference on Automated Software Engineering;"(""REST API"" OR ""Web API"") AND (""LLM"" OR ""Generative AI"" OR ""zero-shot"" OR ""few-shot"") AND (""automated test generation"") AND (""endpoint coverage"" OR ""operation coverage"" OR ""bug detection"" OR ""fault detection"")"
84;A test case generation framework based on UML statechart diagram;Yasir Dawood Salman;2018;;"(""REST API"" OR ""Web API"" OR ""OpenAPI"" OR ""Swagger"") AND (""Large Language Model"" OR ""LLM"") AND (""test generation"" OR ""test case generation"") AND (""coverage"" OR ""fault detection"")"
85;Choosing the fitness function for the job: Automated generation of test suites that detect real faults;Alireza Salahirad, H. Almulla, Gregory Gay;2019;Software testing, verification & reliability;"(""REST API"" OR ""Web API"") AND (""LLM"" OR ""Generative AI"" OR ""zero-shot"" OR ""few-shot"") AND (""automated test generation"") AND (""endpoint coverage"" OR ""operation coverage"" OR ""bug detection"" OR ""fault detection"")"
86;Development and implementation of automated fault detection and diagnostics for building systems: A review;Zixiao Shi, W. O’brien;2019;Automation in Construction;"(""REST API"" OR ""Web API"") AND (""LLM"" OR ""Generative AI"" OR ""zero-shot"" OR ""few-shot"") AND (""automated test generation"") AND (""endpoint coverage"" OR ""operation coverage"" OR ""bug detection"" OR ""fault detection"")"
87;Reliability improvement of wind turbine power generation using model-based fault detection and fault tolerant control: A review;Hamed Habibi, I. Howard, S. Simani;2019;Renewable Energy;"(""REST API"" OR ""Web API"") AND (""LLM"" OR ""Generative AI"" OR ""zero-shot"" OR ""few-shot"") AND (""automated test generation"") AND (""endpoint coverage"" OR ""operation coverage"" OR ""bug detection"" OR ""fault detection"")"
88;Applications of stochastic resonance to machinery fault detection: A review and tutorial;Zijian Qiao, Y. Lei, Naipeng Li;2019;Mechanical systems and signal processing;"(""REST API"" OR ""Web API"") AND (""LLM"" OR ""Generative AI"" OR ""zero-shot"" OR ""few-shot"") AND (""automated test generation"") AND (""endpoint coverage"" OR ""operation coverage"" OR ""bug detection"" OR ""fault detection"")"
89;Challenges and Opportunities of Deep Learning Models for Machinery Fault Detection and Diagnosis: A Review;S. R. Saufi, Z. Ahmad, M. Leong, M. H. Lim;2019;IEEE Access;"(""REST API"" OR ""Web API"") AND (""LLM"" OR ""Generative AI"" OR ""zero-shot"" OR ""few-shot"") AND (""automated test generation"") AND (""endpoint coverage"" OR ""operation coverage"" OR ""bug detection"" OR ""fault detection"")"
90;Structural Coverage Criteria for Neural Networks Could Be Misleading;Zenan Li, Xiaoxing Ma, Chang Xu, Chun Cao;2019;2019 IEEE/ACM 41st International Conference on…;"(""REST API"" OR ""Web API"") AND (""LLM"" OR ""Generative AI"" OR ""zero-shot"" OR ""few-shot"") AND (""automated test generation"") AND (""endpoint coverage"" OR ""operation coverage"" OR ""bug detection"" OR ""fault detection"")"
91;SAVIOR: Towards Bug-Driven Hybrid Testing;Yaohui Chen, Peng Li, Jun Xu, Shengjian Guo, Rundong Zhou, Yulong Zhang, Tao Wei, Long Lu;2019;IEEE Symposium on Security and Privacy;"(""REST API"" OR ""Web API"") AND (""LLM"" OR ""Generative AI"" OR ""zero-shot"" OR ""few-shot"") AND (""automated test generation"") AND (""endpoint coverage"" OR ""operation coverage"" OR ""bug detection"" OR ""fault detection"")"
92;A Small-Sample Wind Turbine Fault Detection Method With Synthetic Fault Data Using Generative Adversarial Nets;Jinhai Liu, Fuming Qu, Xiaowei Hong, Hua-guang Zhang;2019;IEEE Transactions on Industrial Informatics;"(""REST API"" OR ""Web API"") AND (""LLM"" OR ""Generative AI"" OR ""zero-shot"" OR ""few-shot"") AND (""automated test generation"") AND (""endpoint coverage"" OR ""operation coverage"" OR ""bug detection"" OR ""fault detection"")"
93;Fault Detection and Isolation in Industrial Processes Using Deep Learning Approaches;R. Iqbal, Tomasz Maniak, F. Doctor, Charalampos Karyotis;2019;IEEE Transactions on Industrial Informatics;"(""REST API"" OR ""Web API"") AND (""LLM"" OR ""Generative AI"" OR ""zero-shot"" OR ""few-shot"") AND (""automated test generation"") AND (""endpoint coverage"" OR ""operation coverage"" OR ""bug detection"" OR ""fault detection"")"
94;Testing with Fewer Resources: An Adaptive Approach to Performance-Aware Test Case Generation;Giovanni Grano, Christoph Laaber, Annibale Panichella, Sebastiano Panichella;2019;IEEE Transactions on Software Engineering;"(""REST API"" OR ""Web API"" OR ""OpenAPI"" OR ""Swagger"") AND (""Large Language Model"" OR ""LLM"") AND (""test generation"" OR ""test case generation"") AND (""coverage"" OR ""fault detection"")"
95;Intelligent Fault Detection Scheme for Microgrids With Wavelet-Based Deep Neural Networks;J. Yu, Yunhe Hou, Albert Y. S. Lam, V. Li;2019;IEEE Transactions on Smart Grid;"(""REST API"" OR ""Web API"") AND (""LLM"" OR ""Generative AI"" OR ""zero-shot"" OR ""few-shot"") AND (""automated test generation"") AND (""endpoint coverage"" OR ""operation coverage"" OR ""bug detection"" OR ""fault detection"")"
96;Diversity-based web test generation;Matteo Biagiola, Andrea Stocco, Filippo Ricca, P. Tonella;2019;ESEC/SIGSOFT FSE;"(""REST API"" OR ""Web API"") AND (""LLM"" OR ""Generative AI"" OR ""zero-shot"" OR ""few-shot"") AND (""automated test generation"") AND (""endpoint coverage"" OR ""operation coverage"" OR ""bug detection"" OR ""fault detection"")"
97;Test coverage criteria for RESTful web APIs;Alberto Martin-Lopez, Sergio Segura, Antonio Ruiz-Cortés;2019;A-TEST@ESEC/SIGSOFT FSE;"(""REST API"" OR ""Web API"") AND (""LLM"" OR ""Generative AI"" OR ""zero-shot"" OR ""few-shot"") AND (""automated test generation"") AND (""endpoint coverage"" OR ""operation coverage"" OR ""bug detection"" OR ""fault detection"")"
98;Fw‐fuzz: A code coverage‐guided fuzzing framework for network protocols on firmware;Zicong Gao, Weiyu Dong, Rui Chang, Yisen Wang;2020;Concurrency and Computation;"(""REST API"" OR ""Web API"" OR ""OpenAPI"" OR ""Swagger"") AND (""Large Language Model"" OR ""LLM"") AND (""test generation"" OR ""test case generation"") AND (""coverage"" OR ""fault detection"")"
99;Generative adversarial network for fault detection diagnosis of chillers;Ke Yan, A. Chong, Yu-chang Mo;2020;;"(""REST API"" OR ""Web API"") AND (""LLM"" OR ""Generative AI"" OR ""zero-shot"" OR ""few-shot"") AND (""automated test generation"") AND (""endpoint coverage"" OR ""operation coverage"" OR ""bug detection"" OR ""fault detection"")"
100;Can this fault be detected: A study on fault detection via automated test generation;Ping Ma, Hangyuan Cheng, Jingxuan Zhang, Jifeng Xuan;2020;Journal of Systems and Software;"(""REST API"" OR ""Web API"") AND (""LLM"" OR ""Generative AI"" OR ""zero-shot"" OR ""few-shot"") AND (""automated test generation"") AND (""endpoint coverage"" OR ""operation coverage"" OR ""bug detection"" OR ""fault detection"")"
101;Signal based condition monitoring techniques for fault detection and diagnosis of induction motors: A state-of-the-art review;Purushottam Gangsar, R. Tiwari;2020;;"(""REST API"" OR ""Web API"") AND (""LLM"" OR ""Generative AI"" OR ""zero-shot"" OR ""few-shot"") AND (""automated test generation"") AND (""endpoint coverage"" OR ""operation coverage"" OR ""bug detection"" OR ""fault detection"")"
102;Using Metamorphic Testing to Evaluate DNN Coverage Criteria;Jinyi Zhou, Kun Qiu, Zheng Zheng, T. Chen, P. Poon;2020;2020 IEEE International Symposium on Software…;"(""REST API"" OR ""Web API"" OR ""OpenAPI"" OR ""Swagger"") AND (""Large Language Model"" OR ""LLM"") AND (""test generation"" OR ""test case generation"") AND (""coverage"" OR ""fault detection"")"
103;FEM Simulation-Based Generative Adversarial Networks to Detect Bearing Faults;Yun Gao, Xiao-Yang Liu, J. Xiang;2020;IEEE Transactions on Industrial Informatics;"(""REST API"" OR ""Web API"") AND (""LLM"" OR ""Generative AI"" OR ""zero-shot"" OR ""few-shot"") AND (""automated test generation"") AND (""endpoint coverage"" OR ""operation coverage"" OR ""bug detection"" OR ""fault detection"")"
104;API-Misuse Detection Driven by Fine-Grained API-Constraint Knowledge Graph;Xiaoxue Ren, Xinyuan Ye, Zhenchang Xing, Xin Xia, Xiwei Xu, Liming Zhu, Jianling Sun;2020;International Conference on Automated Software Engineering;"(""REST API"" OR ""Web API"") AND (""LLM"" OR ""Generative AI"" OR ""zero-shot"" OR ""few-shot"") AND (""automated test generation"") AND (""endpoint coverage"" OR ""operation coverage"" OR ""bug detection"" OR ""fault detection"")"
105;AI-Driven Web API Testing;Alberto Martin-Lopez;2020;2020 IEEE/ACM 42nd International Conference on Software Engineering: Companion Proceedings (ICSE-Companion);"(""REST API"" OR ""Web API"") AND (""LLM"" OR ""Generative AI"" OR ""zero-shot"" OR ""few-shot"") AND (""automated test generation"") AND (""endpoint coverage"" OR ""operation coverage"" OR ""bug detection"" OR ""fault detection"")"
106;TEGDroid: Test Case Generation Approach for Android Apps Considering Context and GUI Events;Asmau Usman, N. Ibrahim, I. Salihu;2020;International Journal on Advanced Science…;"(""REST API"" OR ""Web API"" OR ""OpenAPI"" OR ""Swagger"") AND (""Large Language Model"" OR ""LLM"") AND (""test generation"" OR ""test case generation"") AND (""coverage"" OR ""fault detection"")"
107;Few-Shot Bearing Anomaly Detection via Model-Agnostic Meta-Learning;S. Zhang, Fei Ye, Bingnan Wang, T. Habetler;2020;International Conference on Electrical Machines and Systems;"(""REST API"" OR ""Web API"") AND (""LLM"" OR ""Generative AI"" OR ""zero-shot"" OR ""few-shot"") AND (""automated test generation"") AND (""endpoint coverage"" OR ""operation coverage"" OR ""bug detection"" OR ""fault detection"")"
108;A new disjunctive literal insertion fault detection strategy in boolean specifications;T. K. Paul, M. Chowdhury, M. Lau;2021;J. Softw. Evol. Process.;"(""REST API"" OR ""Web API"" OR ""OpenAPI"" OR ""Swagger"") AND (""Large Language Model"" OR ""LLM"") AND (""test generation"" OR ""test case generation"") AND (""coverage"" OR ""fault detection"")"
109;Hybrid Multi-level Crossover for Unit Test Case Generation;Mitchell Olsthoorn, P. Derakhshanfar, Annibale Panichella;2021;International Symposium on Search Based Software…;"(""REST API"" OR ""Web API"" OR ""OpenAPI"" OR ""Swagger"") AND (""Large Language Model"" OR ""LLM"") AND (""test generation"" OR ""test case generation"") AND (""coverage"" OR ""fault detection"")"
110;Chiller fault detection and diagnosis with anomaly detective generative adversarial network;Ke Yan;2021;;"(""REST API"" OR ""Web API"") AND (""LLM"" OR ""Generative AI"" OR ""zero-shot"" OR ""few-shot"") AND (""automated test generation"") AND (""endpoint coverage"" OR ""operation coverage"" OR ""bug detection"" OR ""fault detection"")"
111;Improving Test Case Generation for REST APIs Through Hierarchical Clustering;D. Stallenberg, Mitchell Olsthoorn, Annibale Panichella;2021;International Conference on Automated Software…;"(""REST API"" OR ""Web API"" OR ""OpenAPI"" OR ""Swagger"") AND (""Large Language Model"" OR ""LLM"") AND (""test generation"" OR ""test case generation"") AND (""coverage"" OR ""fault detection"")"
112;A Test Case Generation Method of Combinatorial Testing based on τ-way Testing with Adaptive Random Testing;Jinfu Chen, Jingyi Chen, Saihua Cai, Haibo Chen, Chi Zhang, Chuan-dong Huang;2021;2021 IEEE International Symposium on Software…;"(""REST API"" OR ""Web API"" OR ""OpenAPI"" OR ""Swagger"") AND (""Large Language Model"" OR ""LLM"") AND (""test generation"" OR ""test case generation"") AND (""coverage"" OR ""fault detection"")"
113;Deep Feature Generating Network: A New Method for Intelligent Fault Detection of Mechanical Systems Under Class Imbalance;Tongyang Pan, Jinglong Chen, Jingsong Xie, Zitong Zhou, Shuilong He;2021;IEEE Transactions on Industrial Informatics;"(""REST API"" OR ""Web API"") AND (""LLM"" OR ""Generative AI"" OR ""zero-shot"" OR ""few-shot"") AND (""automated test generation"") AND (""endpoint coverage"" OR ""operation coverage"" OR ""bug detection"" OR ""fault detection"")"
114;Diagnosis of Interturn Short-Circuit Faults in Permanent Magnet Synchronous Motors Based on Few-Shot Learning Under a Federated Learning Framework;Jinglin Zhang, Yanbo Wang, Kai Zhu, Yi Zhang, Yuanjiang Li;2021;IEEE Transactions on Industrial Informatics;"(""REST API"" OR ""Web API"") AND (""LLM"" OR ""Generative AI"" OR ""zero-shot"" OR ""few-shot"") AND (""automated test generation"") AND (""endpoint coverage"" OR ""operation coverage"" OR ""bug detection"" OR ""fault detection"")"
115;Adversarial Autoencoder Based Feature Learning for Fault Detection in Industrial Processes;Kyojin Jang, Seokyoung Hong, Minsu Kim, Jonggeol Na, I. Moon;2021;IEEE Transactions on Industrial Informatics;"(""REST API"" OR ""Web API"") AND (""LLM"" OR ""Generative AI"" OR ""zero-shot"" OR ""few-shot"") AND (""automated test generation"") AND (""endpoint coverage"" OR ""operation coverage"" OR ""bug detection"" OR ""fault detection"")"
116;Model-Based Testing in Practice: An Industrial Case Study using GraphWalker;M. Zafar, W. Afzal, Eduard Paul Enoiu, A. Stratis, Aitor Arrieta, Goiuria Sagardui Mendieta;2021;International Symposium on Electronic Commerce;"(""REST API"" OR ""Web API"" OR ""OpenAPI"" OR ""Swagger"") AND (""Large Language Model"" OR ""LLM"") AND (""test generation"" OR ""test case generation"") AND (""coverage"" OR ""fault detection"")"
117;An effective zero-shot learning approach for intelligent fault detection using 1D CNN;Siyu Zhang, Hua‐Liang Wei, Jinliang Ding;2022;Applied intelligence (Boston);"(""REST API"" OR ""Web API"") AND (""LLM"" OR ""Generative AI"" OR ""zero-shot"" OR ""few-shot"") AND (""automated test generation"") AND (""endpoint coverage"" OR ""operation coverage"" OR ""bug detection"" OR ""fault detection"")"
118;Minerva: browser API fuzzing with dynamic mod-ref analysis;Chijin Zhou, Quan Zhang, Mingzhe Wang, Lihua Guo, Jie Liang, Zhe Liu, Mathias Payer, Yuting Jiang;2022;ESEC/SIGSOFT FSE;"(""REST API"" OR ""Web API"") AND (""LLM"" OR ""Generative AI"" OR ""zero-shot"" OR ""few-shot"") AND (""automated test generation"") AND (""endpoint coverage"" OR ""operation coverage"" OR ""bug detection"" OR ""fault detection"")"
119;Randoop-TSR: Random-based Test Generator with Test Suite Reduction;Xiangjun Liu, P. Yu;2022;Asia-Pacific Symposium on Internetware;"(""REST API"" OR ""Web API"" OR ""OpenAPI"" OR ""Swagger"") AND (""Large Language Model"" OR ""LLM"") AND (""test generation"" OR ""test case generation"") AND (""coverage"" OR ""fault detection"")"
120;White-Box Fuzzing RPC-Based APIs with EvoMaster: An Industrial Case Study;Man Zhang, Andrea Arcuri, Yonggang Li, Yang Liu, Kaiming Xue;2022;ACM Transactions on Software Engineering and Methodology;"(""REST API"" OR ""Web API"" OR ""OpenAPI"" OR ""Swagger"") AND (""Large Language Model"" OR ""LLM"") AND (""test generation"" OR ""test case generation"") AND (""coverage"" OR ""fault detection"")"
121;Combinatorial Testing Approaches: A Systematic Review;H. Fadhil, Mohammed Najm, M. Younis;2022;Iraqi Journal of Computer, Communication, Control…;"(""REST API"" OR ""Web API"" OR ""OpenAPI"" OR ""Swagger"") AND (""Large Language Model"" OR ""LLM"") AND (""test generation"" OR ""test case generation"") AND (""coverage"" OR ""fault detection"")"
122;Large Language Models are Pretty Good Zero-Shot Video Game Bug Detectors;Mohammad Reza Taesiri, Finlay Macklon, Yihe Wang, H. Shen, C. Bezemer;2022;arXiv.org;"(""REST API"" OR ""Web API"") AND (""LLM"" OR ""Generative AI"" OR ""zero-shot"" OR ""few-shot"") AND (""automated test generation"") AND (""endpoint coverage"" OR ""operation coverage"" OR ""bug detection"" OR ""fault detection"")"
123;Machine Learning-Based Test Case Generation Comparing: Reinforcement Learning vs Genetic Algorithms;Ravikanth Konda;2022;International Journal of Multidisciplinary…;"(""REST API"" OR ""Web API"" OR ""OpenAPI"" OR ""Swagger"") AND (""Large Language Model"" OR ""LLM"") AND (""test generation"" OR ""test case generation"") AND (""coverage"" OR ""fault detection"")"
124;Enriching automatic test case generation by extracting relevant test inputs from bug reports;Wendkûuni C. Ouédraogo, Laura Plein, Tégawendé F. Bissyandé;2023;Empirical Software Engineering;"(""REST API"" OR ""Web API"") AND (""LLM"" OR ""Generative AI"" OR ""zero-shot"" OR ""few-shot"") AND (""automated test generation"") AND (""endpoint coverage"" OR ""operation coverage"" OR ""bug detection"" OR ""fault detection"")"
125;ARTE: Automated Generation of Realistic Test Inputs for Web APIs;J. Alonso;2023;IEEE Transactions on Software Engineering;"(""REST API"" OR ""Web API"") AND (""LLM"" OR ""Generative AI"" OR ""zero-shot"" OR ""few-shot"") AND (""automated test generation"") AND (""endpoint coverage"" OR ""operation coverage"" OR ""bug detection"" OR ""fault detection"")"
126;AGORA: Automated Generation of Test Oracles for REST APIs;J. Alonso, Sergio Segura, Antonio Ruiz-Cortés;2023;International Symposium on Software Testing and…;"(""REST API"" OR ""Web API"") AND (""LLM"" OR ""Generative AI"" OR ""zero-shot"" OR ""few-shot"") AND (""automated test generation"") AND (""endpoint coverage"" OR ""operation coverage"" OR ""bug detection"" OR ""fault detection"")"
127;InferFix: End-to-End Program Repair with LLMs;Ma Jin, Syed Shahriar, Michele Tufano, Xin Shi, Shuai Lu, Neel Sundaresan, Alexey Svyatkovskiy;2023;ESEC/SIGSOFT FSE;"(""REST API"" OR ""Web API"") AND (""LLM"" OR ""Generative AI"" OR ""zero-shot"" OR ""few-shot"") AND (""automated test generation"") AND (""endpoint coverage"" OR ""operation coverage"" OR ""bug detection"" OR ""fault detection"")"
128;Few-Shot Learning Approaches for Fault Diagnosis Using Vibration Data: A Comprehensive Review;Xiaoxia Liang, Ming Zhang, Guojin Feng, Duo Wang, Yuchun Xu, Fengshou Gu;2023;Sustainability;"(""REST API"" OR ""Web API"") AND (""LLM"" OR ""Generative AI"" OR ""zero-shot"" OR ""few-shot"") AND (""automated test generation"") AND (""endpoint coverage"" OR ""operation coverage"" OR ""bug detection"" OR ""fault detection"")"
129;Effective Test Generation Using Pre-trained Large Language Models and Mutation Testing;Arghavan Moradi Dakhel, Amin Nikanjam, Vahid Majdinasab, F. Khomh, M. Desmarais;2023;Information and Software Technology;"(""REST API"" OR ""Web API"") AND (""LLM"" OR ""Generative AI"" OR ""zero-shot"" OR ""few-shot"") AND (""automated test generation"") AND (""endpoint coverage"" OR ""operation coverage"" OR ""bug detection"" OR ""fault detection"")"
130;Optimal test case generation for boundary value analysis;Xiujing Guo, H. Okamura, T. Dohi;2024;Software quality journal;"(""REST API"" OR ""Web API"" OR ""OpenAPI"" OR ""Swagger"") AND (""Large Language Model"" OR ""LLM"") AND (""test generation"" OR ""test case generation"") AND (""coverage"" OR ""fault detection"")"
131;A Hybrid Sine Cosine Algorithm with Cluster Voting for Combinatorial Testing;Masrulehsan Mamat, Mazidah Mat Rejab, K. Z. Zamli, A. Sivaji;2024;2024 1st International Conference on Cyber…;"(""REST API"" OR ""Web API"" OR ""OpenAPI"" OR ""Swagger"") AND (""Large Language Model"" OR ""LLM"") AND (""test generation"" OR ""test case generation"") AND (""coverage"" OR ""fault detection"")"
132;Automatic Software Test Case Generation and Optimization Based on Multi-Objective Genetic Algorithm;Yunhua Wei, Yuanwu Jin;2024;2024 International Conference on Electrical…;"(""REST API"" OR ""Web API"" OR ""OpenAPI"" OR ""Swagger"") AND (""Large Language Model"" OR ""LLM"") AND (""test generation"" OR ""test case generation"") AND (""coverage"" OR ""fault detection"")"
133;IOTStateFuzz: A Greybox Fuzzing Approach for Stateful Protocols in IoT Devices;Qisong Song, Qiang Wei;2024;2024 6th International Conference on Frontier…;"(""REST API"" OR ""Web API"" OR ""OpenAPI"" OR ""Swagger"") AND (""Large Language Model"" OR ""LLM"") AND (""test generation"" OR ""test case generation"") AND (""coverage"" OR ""fault detection"")"
134;TOGLL: Correct and Strong Test Oracle Generation with LLMS;Soneya Binta Hossain, Matthew B. Dwyer;2024;International Conference on Software Engineering;"(""REST API"" OR ""Web API"") AND (""LLM"" OR ""Generative AI"" OR ""zero-shot"" OR ""few-shot"") AND (""automated test generation"") AND (""endpoint coverage"" OR ""operation coverage"" OR ""bug detection"" OR ""fault detection"")"
135;A Multi-Agent Approach for REST API Testing with Semantic Graphs and LLM-Driven Inputs;Myeongsoo Kim, Tyler Stennett, Saurabh Sinha, Alessandro Orso;2024;International Conference on Software Engineering;"(""REST API"" OR ""Web API"") AND (""LLM"" OR ""Generative AI"" OR ""zero-shot"" OR ""few-shot"") AND (""automated test generation"") AND (""endpoint coverage"" OR ""operation coverage"" OR ""bug detection"" OR ""fault detection"")"
136;A Zero-Shot Fault Detection Method for UAV Sensors Based on a Novel CVAE-GAN Model;Chuanjiang Li, Kai Luo, Zihao Liao;2024;IEEE Sensors Journal;"(""REST API"" OR ""Web API"") AND (""LLM"" OR ""Generative AI"" OR ""zero-shot"" OR ""few-shot"") AND (""automated test generation"") AND (""endpoint coverage"" OR ""operation coverage"" OR ""bug detection"" OR ""fault detection"")"
137;HOTCP: Hybrid Optimal Test Case Prioritisation with Multi-Objective Constraints;M. B. Wagh, V. Puri, Sanjay B. Waykar, Rajesh Kadu;2024;Journal of Information & Knowledge Management;"(""REST API"" OR ""Web API"" OR ""OpenAPI"" OR ""Swagger"") AND (""Large Language Model"" OR ""LLM"") AND (""test generation"" OR ""test case generation"") AND (""coverage"" OR ""fault detection"")"
138;Enhancing Static Analysis for Practical Bug Detection: An LLM-Integrated Approach;Haonan Li, Yu Hao, Yizhuo Zhai, Zhiyun Qian;2024;Proc. ACM Program. Lang.;"(""REST API"" OR ""Web API"") AND (""LLM"" OR ""Generative AI"" OR ""zero-shot"" OR ""few-shot"") AND (""automated test generation"") AND (""endpoint coverage"" OR ""operation coverage"" OR ""bug detection"" OR ""fault detection"")"
139;Fuzzing JavaScript Interpreters with Coverage-Guided Reinforcement Learning for LLM-Based Mutation;Jueon Eom, Seyeon Jeong, Taekyoung Kwon;2024;International Symposium on Software Testing and…;"(""REST API"" OR ""Web API"") AND (""LLM"" OR ""Generative AI"" OR ""zero-shot"" OR ""few-shot"") AND (""automated test generation"") AND (""endpoint coverage"" OR ""operation coverage"" OR ""bug detection"" OR ""fault detection"")"
140;LLMs and Prompting for Unit Test Generation: A Large-Scale Evaluation;Wendkûuni C. Ouédraogo, Kader Kabore, Tégawendé F. Bissyandé;2024;International Conference on Automated Software…;"(""REST API"" OR ""Web API"") AND (""LLM"" OR ""Generative AI"" OR ""zero-shot"" OR ""few-shot"") AND (""automated test generation"") AND (""endpoint coverage"" OR ""operation coverage"" OR ""bug detection"" OR ""fault detection"")"
141;DeepREST: Automated Test Case Generation for REST APIs Exploiting Deep Reinforcement Learning;Davide Corradini, Zeno Montolli, Michele Pasqua, Mariano Ceccato;2024;International Conference on Automated Software Engineering;"(""REST API"" OR ""Web API"" OR ""OpenAPI"" OR ""Swagger"") AND (""Large Language Model"" OR ""LLM"") AND (""test generation"" OR ""test case generation"") AND (""coverage"" OR ""fault detection"")"
142;Effective test cases generation with harmony search and RBF neural network;Hemant Kumar, Vipin Saxena;2024;˜The œinternational Arab journal of information…;"(""REST API"" OR ""Web API"" OR ""OpenAPI"" OR ""Swagger"") AND (""Large Language Model"" OR ""LLM"") AND (""test generation"" OR ""test case generation"") AND (""coverage"" OR ""fault detection"")"
143;Fault Detection Method based on Artificial Neural Network for 330kV Nigerian Transmission Line;Alhassan Musa Oruma, Ismaila Mahmud, Umar Alhaji Adamu, Simon Yakubu Wakawa, Gambo Idris, M. Mustapha;2024;International Journal of Innovative Science and…;"(""REST API"" OR ""Web API"") AND (""LLM"" OR ""Generative AI"" OR ""zero-shot"" OR ""few-shot"") AND (""automated test generation"") AND (""endpoint coverage"" OR ""operation coverage"" OR ""bug detection"" OR ""fault detection"")"
144;TestGenEval: A Real World Unit Test Generation and Test Completion Benchmark;Kush Jain, Gabriel Synnaeve, Baptiste Rozière;2024;arXiv.org;"(""REST API"" OR ""Web API"") AND (""LLM"" OR ""Generative AI"" OR ""zero-shot"" OR ""few-shot"") AND (""automated test generation"") AND (""endpoint coverage"" OR ""operation coverage"" OR ""bug detection"" OR ""fault detection"")"
145;Fault-Aware Test Case Prioritization in Software Testing Using Jaya Archimedes Optimization Algorithm;S. Sugave, Yogesh R. Kulkarni, B. Jagdale, V. Gutte;2025;Journal of electronic testing;"(""REST API"" OR ""Web API"" OR ""OpenAPI"" OR ""Swagger"") AND (""Large Language Model"" OR ""LLM"") AND (""test generation"" OR ""test case generation"") AND (""coverage"" OR ""fault detection"")"
146;Enhancing GUI test case generation with multi-objective quasi-oppositional genetic sparrow;N. Jayalakshmi, K. Sakthivel;2025;Scientific Reports;"(""REST API"" OR ""Web API"" OR ""OpenAPI"" OR ""Swagger"") AND (""Large Language Model"" OR ""LLM"") AND (""test generation"" OR ""test case generation"") AND (""coverage"" OR ""fault detection"")"
147;NLP-Powered Test Case Generation from Function Description – A Cross-Language Approach;Jonah Varghese Kachirackal, Vijayakumar Balakrishnan;2025;2025 3rd International Conference on Computational Intelligence and Network Systems (CINS);"(""REST API"" OR ""Web API"" OR ""OpenAPI"" OR ""Swagger"") AND (""Large Language Model"" OR ""LLM"") AND (""test generation"" OR ""test case generation"") AND (""coverage"" OR ""fault detection"")"
148;Intent Based E2E Automated Test Case Generation for Web Applications Using LLM;Z. Abideen, Junxia Guo;2025;Annual International Computer Software and…;"(""REST API"" OR ""Web API"" OR ""OpenAPI"" OR ""Swagger"") AND (""Large Language Model"" OR ""LLM"") AND (""test generation"" OR ""test case generation"") AND (""coverage"" OR ""fault detection"")"
149;Research on Multi-Model Fusion Machine Learning Demand Intelligent Forecasting System in Cloud Computing Environment;Jiaying Huang;2025;2025 2nd International Conference on Intelligent Algorithms for Computational Intelligence Systems (IACIS);"(""REST API"" OR ""Web API"" OR ""OpenAPI"" OR ""Swagger"") AND (""Large Language Model"" OR ""LLM"") AND (""test generation"" OR ""test case generation"") AND (""coverage"" OR ""fault detection"")"
150;AutoRestTest: A Tool for Automated REST API Testing Using LLMs and MARL;Tyler Stennett, Myeongsoo Kim, Saurabh Sinha, Alessandro Orso;2025;2025 IEEE/ACM 47th International Conference on…;"(""REST API"" OR ""Web API"") AND (""LLM"" OR ""Generative AI"" OR ""zero-shot"" OR ""few-shot"") AND (""automated test generation"") AND (""endpoint coverage"" OR ""operation coverage"" OR ""bug detection"" OR ""fault detection"")"
151;Test Wars: A Comparative Study of SBST, Symbolic Execution, and LLM-Based Approaches to Unit Test Generation;A. Abdullin, P. Derakhshanfar, Annibale Panichella;2025;International Conference on Information Control Systems & Technologies;"(""REST API"" OR ""Web API"" OR ""OpenAPI"" OR ""Swagger"") AND (""Large Language Model"" OR ""LLM"") AND (""test generation"" OR ""test case generation"") AND (""coverage"" OR ""fault detection"")"
152;Mutation Testing via Iterative Large Language Model-Driven Scientific Debugging;Philipp Straubinger, M. Kreis, Stephan Lukasczyk, Gordon Fraser;2025;International Conference on Software Testing, Verification and Validation Workshops;"(""REST API"" OR ""Web API"" OR ""OpenAPI"" OR ""Swagger"") AND (""Large Language Model"" OR ""LLM"") AND (""test generation"" OR ""test case generation"") AND (""coverage"" OR ""fault detection"")"
153;Adversarial Generation of Deep Neural Network Image Test Cases Based on Multi-Conditional Constraints;Qingxia Yu, Chuanqi Tao;2025;International Conference on Software Quality, Reliability and Security;"(""REST API"" OR ""Web API"" OR ""OpenAPI"" OR ""Swagger"") AND (""Large Language Model"" OR ""LLM"") AND (""test generation"" OR ""test case generation"") AND (""coverage"" OR ""fault detection"")"
154;Mutation-Guided Unit Test Generation With a Large Language Model;Guancheng Wang, Qinghua Xu, Lionel C. Briand, Kui Liu;2025;IEEE Transactions on Software Engineering;"(""REST API"" OR ""Web API"" OR ""OpenAPI"" OR ""Swagger"") AND (""Large Language Model"" OR ""LLM"") AND (""test generation"" OR ""test case generation"") AND (""coverage"" OR ""fault detection"")"
155;Test Amplification for REST APIs via Single and Multi-Agent LLM Systems;Robbe Nooyens, Tolgahan Bardakci, Mutlu Beyazıt, Serge Demeyer;2025;International Conference on Testing Software and…;"(""REST API"" OR ""Web API"") AND (""LLM"" OR ""Generative AI"" OR ""zero-shot"" OR ""few-shot"") AND (""automated test generation"") AND (""endpoint coverage"" OR ""operation coverage"" OR ""bug detection"" OR ""fault detection"")"
156;SAINT: Service-level Integration Test Generation with Program Analysis and LLM-based Agents;Rangeet Pan, Raju Pavuluri, Ruikai Huang, Rahul Krishna, Tyler Stennett, Alessandro Orso, Saurabh Sinha;2025;arXiv.org;"(""REST API"" OR ""Web API"" OR ""OpenAPI"" OR ""Swagger"") AND (""Large Language Model"" OR ""LLM"") AND (""test generation"" OR ""test case generation"") AND (""coverage"" OR ""fault detection"")"
157;MACHINE LEARNING APPROACHES FOR AUTOMATIC TEST CASE GENERATION FROM REQUIREMENTS;Tanvi Birari;2025;International journal of engineering science and…;"(""REST API"" OR ""Web API"" OR ""OpenAPI"" OR ""Swagger"") AND (""Large Language Model"" OR ""LLM"") AND (""test generation"" OR ""test case generation"") AND (""coverage"" OR ""fault detection"")"
158;An Integrated Approach to Hybrid Fuzz–Combinatorial and Structured Testcase Generation for Improved Coverage and Fault Detection Efficiency;Nethravathi Rippika, Sangharatna Godboley;2026;;"(""REST API"" OR ""Web API"" OR ""OpenAPI"" OR ""Swagger"") AND (""Large Language Model"" OR ""LLM"") AND (""test generation"" OR ""test case generation"") AND (""coverage"" OR ""fault detection"")"
159;METHOD FOR PRIORITIZING AUTO-GENERATED TEST CASES FOR REST APIS BASED ON OPENAPI SPECIFICATIONS;Vladyslav Khatsko, I.O. Nazarova;2026;Problems of Modeling and Design Automatization;"(""REST API"" OR ""Web API"" OR ""OpenAPI"" OR ""Swagger"") AND (""Large Language Model"" OR ""LLM"") AND (""test generation"" OR ""test case generation"") AND (""coverage"" OR ""fault detection"")"
160;АРХІТЕКТУРА АВТОМАТИЗОВАНОЇ СИСТЕМИ ГЕНЕРАЦІЇ ТЕСТІВ;Андрій Ковтко, Володимир Богданович Савків;2026;Herald of Khmelnytskyi National University…;"(""REST API"" OR ""Web API"" OR ""OpenAPI"" OR ""Swagger"") AND (""Large Language Model"" OR ""LLM"") AND (""test generation"" OR ""test case generation"") AND (""coverage"" OR ""fault detection"")"
161;Test vs Mutant: Adversarial LLM Agents for Robust Unit Test Generation;Pengyu Chang, Yixiong Fang, Silin Chen, Yuling Shi, Beijun Shen, Xiaodong Gu;2026;arXiv.org;"(""REST API"" OR ""Web API"" OR ""OpenAPI"" OR ""Swagger"") AND (""Large Language Model"" OR ""LLM"") AND (""test generation"" OR ""test case generation"") AND (""coverage"" OR ""fault detection"")"
162;GEM: A Framework for Strengthening LLM-Generated Unit Tests Using Mutation Feedback;Arda Celik, Qusay H. Mahmoud;2026;Conferencia Iberoamericana de Software…;"(""REST API"" OR ""Web API"" OR ""OpenAPI"" OR ""Swagger"") AND (""Large Language Model"" OR ""LLM"") AND (""test generation"" OR ""test case generation"") AND (""coverage"" OR ""fault detection"")"
163;DEEP REINFORCEMENT LEARNING FOR TEST CASE GENERATION AND PRIORITIZATION;Jing Guo, Jingjing Liu;2026;Journal of computer science and electrical…;"(""REST API"" OR ""Web API"" OR ""OpenAPI"" OR ""Swagger"") AND (""Large Language Model"" OR ""LLM"") AND (""test generation"" OR ""test case generation"") AND (""coverage"" OR ""fault detection"")"
164;RESTestBench: A Benchmark for Evaluating the Effectiveness of LLM-Generated REST API Test Cases from NL Requirements;Leon Kogler, Stefan Hangler, Maximilian Ehrhart, Benedikt Dornauer, Roland Wuersching, P. Schrammel;2026;;"(""REST API"" OR ""Web API"" OR ""OpenAPI"" OR ""Swagger"") AND (""Large Language Model"" OR ""LLM"") AND (""test generation"" OR ""test case generation"") AND (""coverage"" OR ""fault detection"")"
165;Real-World Fault Detection for C-Extended Python Projects with Automated Unit Test Generation;Lucas Berg, Lukas Krodinger, Stephan Lukasczyk, Annibale Panichella, Gordon Fraser, Wim Vanhoof, Xavier Devroey;2026;;"(""REST API"" OR ""Web API"" OR ""OpenAPI"" OR ""Swagger"") AND (""Large Language Model"" OR ""LLM"") AND (""test generation"" OR ""test case generation"") AND (""coverage"" OR ""fault detection"")"
166;Comparative Analysis of Automated Test Case Generation Tools in Java;J. Sachdeva, S. Shashank, Maktala, Daniel Toll;;;"(""REST API"" OR ""Web API"" OR ""OpenAPI"" OR ""Swagger"") AND (""Large Language Model"" OR ""LLM"") AND (""test generation"" OR ""test case generation"") AND (""coverage"" OR ""fault detection"")"
