id,title,authors,year,venue,source_db,search_string,v1_decision,v1_reason
1,Automated Test Case Generation for Software APIs Using Reinforcement Learning,N Wang,2026,,Google Scholar,"(""REST API"" OR ""Web API"" OR ""OpenAPI"" OR ""Swagger"") AND (""Large Language Model"" OR ""LLM"") AND (""test generation"" OR ""test case generation"") AND (""coverage"" OR ""fault detection"")",EXCLUDE,"EC7: Thesis (NCI Dublin), not peer-reviewed"
2,Enhancing Automated Unit Test Generation with Large Language Models: A Systematic Literature Review,"J Zhang, X Hu, C Gao, X Xia, S Li",2026,ACM Transactions on Software …,Google Scholar,"(""REST API"" OR ""Web API"" OR ""OpenAPI"" OR ""Swagger"") AND (""Large Language Model"" OR ""LLM"") AND (""test generation"" OR ""test case generation"") AND (""coverage"" OR ""fault detection"")",EXCLUDE,"IC5: SLR, no original experiment"
3,Design and implementation of a full stack automated software testing platform based on large language models,R Zhang,2026,,Google Scholar,"(""REST API"" OR ""Web API"" OR ""OpenAPI"" OR ""Swagger"") AND (""Large Language Model"" OR ""LLM"") AND (""test generation"" OR ""test case generation"") AND (""coverage"" OR ""fault detection"")",EXCLUDE,"EC7: Thesis (LUT), not peer-reviewed"
4,Automating Software and Vulnerability Testing in REST APIs with Large Language Models,D Strauß,2025,,Google Scholar,"(""REST API"" OR ""Web API"" OR ""OpenAPI"" OR ""Swagger"") AND (""Large Language Model"" OR ""LLM"") AND (""test generation"" OR ""test case generation"") AND (""coverage"" OR ""fault detection"")",EXCLUDE,"EC7: Thesis (TU Wien), not peer-reviewed"
5,Automated REST API Black-box Test Generation in Practice: An Experience Report from Industry,"D Corradini, SY Shin, D Bianculli",,19th IEEE International Conference on …,Google Scholar,"(""REST API"" OR ""Web API"" OR ""OpenAPI"" OR ""Swagger"") AND (""Large Language Model"" OR ""LLM"") AND (""test generation"" OR ""test case generation"") AND (""coverage"" OR ""fault detection"")",INCLUDE,IC1-IC5: REST API + LLM + test generation + empirical
6,RESTestBench: A Benchmark for Evaluating the Effectiveness of LLM-Generated REST API Test Cases from NL Requirements,"L Kogler, S Hangler, M Ehrhart, B Dornauer…",2026,arXiv preprint arXiv …,Google Scholar,"(""REST API"" OR ""Web API"" OR ""OpenAPI"" OR ""Swagger"") AND (""Large Language Model"" OR ""LLM"") AND (""test generation"" OR ""test case generation"") AND (""coverage"" OR ""fault detection"")",Unsure,Cần đọc full-text để xác nhận scope và kết quả thực nghiệm
7,Exploring LLM-Powered Software Testing: A Study on Multi-Agent Systems for REST APIs,E Sidiropoulos,2025,,Google Scholar,"(""REST API"" OR ""Web API"" OR ""OpenAPI"" OR ""Swagger"") AND (""Large Language Model"" OR ""LLM"") AND (""test generation"" OR ""test case generation"") AND (""coverage"" OR ""fault detection"")",EXCLUDE,"EC7: Thesis (Univ. Gothenburg), not peer-reviewed"
8,MASTEST: A LLM-Based Multi-Agent System For RESTful API Tests,"X Han, H Zhu",2025,arXiv preprint arXiv:2511.18038,Google Scholar,"(""REST API"" OR ""Web API"" OR ""OpenAPI"" OR ""Swagger"") AND (""Large Language Model"" OR ""LLM"") AND (""test generation"" OR ""test case generation"") AND (""coverage"" OR ""fault detection"")",INCLUDE,IC1-IC5: REST API + LLM + test generation + empirical
9,Automating rest api postman test cases using llm,"SD Sri, RCSP Raman, G Rajagopal, ST Chan",2024,arXiv preprint arXiv …,Google Scholar,"(""REST API"" OR ""Web API"" OR ""OpenAPI"" OR ""Swagger"") AND (""Large Language Model"" OR ""LLM"") AND (""test generation"" OR ""test case generation"") AND (""coverage"" OR ""fault detection"")",INCLUDE,IC1-IC5: REST API + LLM + test generation + empirical
10,"A Comparative Survey of Mutation Testing Across Large Language Models, REST APIs, and Database Engines","B Falah, H Routaib",2025,"IEEE 16th Annual Information …, 2025",Google Scholar,"(""REST API"" OR ""Web API"" OR ""OpenAPI"" OR ""Swagger"") AND (""Large Language Model"" OR ""LLM"") AND (""test generation"" OR ""test case generation"") AND (""coverage"" OR ""fault detection"")",EXCLUDE,"IC5: Survey, no original experiment"
11,Evaluating LLMs on Sequential API Call Through Automated Test Generation,"Y Huang, J Song, D Song, Z Ji, W Wang…",2025,arXiv preprint arXiv …,Google Scholar,"(""REST API"" OR ""Web API"" OR ""OpenAPI"" OR ""Swagger"") AND (""Large Language Model"" OR ""LLM"") AND (""test generation"" OR ""test case generation"") AND (""coverage"" OR ""fault detection"")",EXCLUDE,"EC4: Evaluates LLM on API calls, not test generation"
12,Systematic Literature Review: RESTful API Testing Using Machine Learning Techniques,"BA Otieno, E Araka",2025,… of the Kenya National Commission for …,Google Scholar,"(""REST API"" OR ""Web API"" OR ""OpenAPI"" OR ""Swagger"") AND (""Large Language Model"" OR ""LLM"") AND (""test generation"" OR ""test case generation"") AND (""coverage"" OR ""fault detection"")",EXCLUDE,"IC5: SLR, no original experiment"
13,Assessing REST API Test Generation Strategies with Log Coverage,"N Reinikainen, M Mäntylä, Y Wang",2026,arXiv preprint arXiv:2604.07073,Google Scholar,"(""REST API"" OR ""Web API"" OR ""OpenAPI"" OR ""Swagger"") AND (""Large Language Model"" OR ""LLM"") AND (""test generation"" OR ""test case generation"") AND (""coverage"" OR ""fault detection"")",INCLUDE,IC1-IC5: REST API + LLM + test generation + empirical
14,A quantized LLM driven framework for automated software testing,R Ahmed,2026,,Google Scholar,"(""REST API"" OR ""Web API"" OR ""OpenAPI"" OR ""Swagger"") AND (""Large Language Model"" OR ""LLM"") AND (""test generation"" OR ""test case generation"") AND (""coverage"" OR ""fault detection"")",EXCLUDE,"EC7: Thesis (LUT), not peer-reviewed"
15,Leveraging large language models to improve rest api testing,"M Kim, T Stennett, D Shah, S Sinha…",2024,"… of the ACM/IEEE 44th …, 2024",Google Scholar,"(""REST API"" OR ""Web API"" OR ""OpenAPI"" OR ""Swagger"") AND (""Large Language Model"" OR ""LLM"") AND (""test generation"" OR ""test case generation"") AND (""coverage"" OR ""fault detection"")",INCLUDE,IC1-IC5: REST API + LLM + test generation + empirical
16,You can rest now: Automated specification inference and black-box testing of restful apis with large language models,"A Decrop, G Perrouin, M Papadakis, X Devroey…",2024,,Google Scholar,"(""REST API"" OR ""Web API"" OR ""OpenAPI"" OR ""Swagger"") AND (""Large Language Model"" OR ""LLM"") AND (""test generation"" OR ""test case generation"") AND (""coverage"" OR ""fault detection"")",Unsure,Cần đọc full-text để xác nhận scope và kết quả thực nghiệm
17,Mutation-guided unit test generation with a large language model,"G Wang, Q Xu, L Briand, K Liu",2026,IEEE Transactions on Software …,Google Scholar,"(""REST API"" OR ""Web API"" OR ""OpenAPI"" OR ""Swagger"") AND (""Large Language Model"" OR ""LLM"") AND (""test generation"" OR ""test case generation"") AND (""coverage"" OR ""fault detection"")",EXCLUDE,"EC4: Unit test generation, not REST API"
18,Combining TSL and LLM to Automate REST API Testing: A Comparative Study,"T Barradas, A Paes, VO Neves",2025,arXiv preprint arXiv:2509.05540,Google Scholar,"(""REST API"" OR ""Web API"" OR ""OpenAPI"" OR ""Swagger"") AND (""Large Language Model"" OR ""LLM"") AND (""test generation"" OR ""test case generation"") AND (""coverage"" OR ""fault detection"")",INCLUDE,IC1-IC5: REST API + LLM + test generation + empirical
19,TestGPT-Server: Automatically Testing Microservices with Large Language Models at ByteDance,"J Wang, S Chen, Y Liu, Y Deng, L Zhang…",2025,Proceedings of the 33rd …,Google Scholar,"(""REST API"" OR ""Web API"" OR ""OpenAPI"" OR ""Swagger"") AND (""Large Language Model"" OR ""LLM"") AND (""test generation"" OR ""test case generation"") AND (""coverage"" OR ""fault detection"")",Unsure,Cần đọc full-text để xác nhận scope và kết quả thực nghiệm
20,FailMapper: Automated Generation of Unit Tests Guided by Failure Scenarios,"R Dong, Z Deng, X Zhu, X Du, H Liu…",2025,"40th IEEE/ACM …, 2025",Google Scholar,"(""REST API"" OR ""Web API"" OR ""OpenAPI"" OR ""Swagger"") AND (""Large Language Model"" OR ""LLM"") AND (""test generation"" OR ""test case generation"") AND (""coverage"" OR ""fault detection"")",EXCLUDE,"EC4: Unit test generation, not REST API"
21,"AI-Powered Unit Test Generation via Multi-LLM Chaining: A Case Study With GPT-4o, Gemini, and Claude-3.5","C Kumar, US Ponaka, PVLN Naidu…",2025,IEEE …,Google Scholar,"(""REST API"" OR ""Web API"" OR ""OpenAPI"" OR ""Swagger"") AND (""Large Language Model"" OR ""LLM"") AND (""test generation"" OR ""test case generation"") AND (""coverage"" OR ""fault detection"")",EXCLUDE,"EC4: Unit test generation, not REST API"
22,Kat: Dependency-aware automated api testing with large language models,"T Le, T Tran, D Cao, V Le, TN Nguyen…",2024,… IEEE Conference on …,Google Scholar,"(""REST API"" OR ""Web API"" OR ""OpenAPI"" OR ""Swagger"") AND (""Large Language Model"" OR ""LLM"") AND (""test generation"" OR ""test case generation"") AND (""coverage"" OR ""fault detection"")",INCLUDE,IC1-IC5: REST API + LLM + test generation + empirical
23,Open API Testing Using Large Language Models and Prompt Engineering,"PTT Kyaw, A Luangsodsai…",2025,"22nd International …, 2025",Google Scholar,"(""REST API"" OR ""Web API"" OR ""OpenAPI"" OR ""Swagger"") AND (""Large Language Model"" OR ""LLM"") AND (""test generation"" OR ""test case generation"") AND (""coverage"" OR ""fault detection"")",INCLUDE,IC1-IC5: REST API + LLM + test generation + empirical
24,Effective Automation of Black-Box Testing for REST APIs with Machine Learning and Language Models,M Kim,2025,,Google Scholar,"(""REST API"" OR ""Web API"" OR ""OpenAPI"" OR ""Swagger"") AND (""Large Language Model"" OR ""LLM"") AND (""test generation"" OR ""test case generation"") AND (""coverage"" OR ""fault detection"")",EXCLUDE,"EC7: Dissertation (Georgia Tech), not peer-reviewed"
25,Llamaresttest: Effective rest api testing with small language models,"M Kim, S Sinha, A Orso",2025,Proceedings of the ACM on Software …,Google Scholar,"(""REST API"" OR ""Web API"" OR ""OpenAPI"" OR ""Swagger"") AND (""Large Language Model"" OR ""LLM"") AND (""test generation"" OR ""test case generation"") AND (""coverage"" OR ""fault detection"")",INCLUDE,IC1-IC5: REST API + LLM + test generation + empirical
26,Large Language Model (LLM)-Based Automation for Software Test Script Generation,S Kavuri,2022,Computer Fraud & Security,Google Scholar,"(""REST API"" OR ""Web API"" OR ""OpenAPI"" OR ""Swagger"") AND (""Large Language Model"" OR ""LLM"") AND (""test generation"" OR ""test case generation"") AND (""coverage"" OR ""fault detection"")",EXCLUDE,"EC4: General test scripts, not REST API"
27,Automated web application testing based on artificial intelligence,"O Darii, M Beldiga, T Bragaru",2025,Journal of Engineering Science,Google Scholar,"(""REST API"" OR ""Web API"" OR ""OpenAPI"" OR ""Swagger"") AND (""Large Language Model"" OR ""LLM"") AND (""test generation"" OR ""test case generation"") AND (""coverage"" OR ""fault detection"")",EXCLUDE,EC4: General web app testing
28,Test amplification for rest apis via single and multi-agent llm systems,"R Nooyens, T Bardakci, M Beyazıt…",2025,… Conference on Testing …,Google Scholar,"(""REST API"" OR ""Web API"" OR ""OpenAPI"" OR ""Swagger"") AND (""Large Language Model"" OR ""LLM"") AND (""test generation"" OR ""test case generation"") AND (""coverage"" OR ""fault detection"")",EXCLUDE,"EC6: About test AMPLIFICATION, not generation"
29,An LLM-Powered API Testing Framework Based on Structural Similarity Analysis,"A Sezgin, T Kocatekin…",2026,"14th International …, 2026",Google Scholar,"(""REST API"" OR ""Web API"" OR ""OpenAPI"" OR ""Swagger"") AND (""Large Language Model"" OR ""LLM"") AND (""test generation"" OR ""test case generation"") AND (""coverage"" OR ""fault detection"")",EXCLUDE,"EC6: About testing framework design, not generation"
30,APITestGenie: Generating Web API Tests from Requirements and API Specifications with LLMs,"A Pereira, B Lima, JP Faria",2026,arXiv preprint arXiv:2604.02039,Google Scholar,"(""REST API"" OR ""Web API"" OR ""OpenAPI"" OR ""Swagger"") AND (""Large Language Model"" OR ""LLM"") AND (""test generation"" OR ""test case generation"") AND (""coverage"" OR ""fault detection"")",INCLUDE,IC1-IC5: REST API + LLM + test generation + empirical
31,Deeprest: Automated test case generation for rest apis exploiting deep reinforcement learning,"D Corradini, Z Montolli, M Pasqua…",2024,Proceedings of the 39th …,Google Scholar,"(""REST API"" OR ""Web API"" OR ""OpenAPI"" OR ""Swagger"") AND (""Large Language Model"" OR ""LLM"") AND (""test generation"" OR ""test case generation"") AND (""coverage"" OR ""fault detection"")",INCLUDE,IC1-IC5: REST API + LLM + test generation + empirical
32,"Systematic Mapping of Empirical Research on LLM-based Test Generation: Research Gaps, Methodologies, and Emerging Trends","J Marques Prates, BOC Jimez, SM Melo…",,"… , and Emerging Trends",Google Scholar,"(""REST API"" OR ""Web API"" OR ""OpenAPI"" OR ""Swagger"") AND (""Large Language Model"" OR ""LLM"") AND (""test generation"" OR ""test case generation"") AND (""coverage"" OR ""fault detection"")",EXCLUDE,"IC5: Systematic mapping, no experiment"
33,Lrasgen: Llm-based restful api specification generation,"S Deng, R Huang, M Zhang, C Cui, D Towey…",2025,ACM Transactions on …,Google Scholar,"(""REST API"" OR ""Web API"" OR ""OpenAPI"" OR ""Swagger"") AND (""Large Language Model"" OR ""LLM"") AND (""test generation"" OR ""test case generation"") AND (""coverage"" OR ""fault detection"")",EXCLUDE,EC5: About API specification generation
34,MUATC: Multi-Agent Utilization to Augment Test Coverage,"T Ma, S Liu, W Dong, J Liu…",2025,"32nd Asia-Pacific …, 2025",Google Scholar,"(""REST API"" OR ""Web API"" OR ""OpenAPI"" OR ""Swagger"") AND (""Large Language Model"" OR ""LLM"") AND (""test generation"" OR ""test case generation"") AND (""coverage"" OR ""fault detection"")",EXCLUDE,"EC4: Unit test coverage, not REST API"
35,REST API Fuzzing Using API Dependencies and Large Language Models,"CH Liu, SL Chen, KY Li",2026,Engineering Proceedings,Google Scholar,"(""REST API"" OR ""Web API"" OR ""OpenAPI"" OR ""Swagger"") AND (""Large Language Model"" OR ""LLM"") AND (""test generation"" OR ""test case generation"") AND (""coverage"" OR ""fault detection"")",Unsure,Cần đọc full-text để xác nhận scope và kết quả thực nghiệm
36,A Multi-Agent Collaborative Framework for API Automated Testing Based on Large Language Models,B Malema,2026,Data Systems and Intelligence Quarterly,Google Scholar,"(""REST API"" OR ""Web API"" OR ""OpenAPI"" OR ""Swagger"") AND (""Large Language Model"" OR ""LLM"") AND (""test generation"" OR ""test case generation"") AND (""coverage"" OR ""fault detection"")",EXCLUDE,EC7: Questionable venue (callpress.org)
37,Dyner: Optimized test case generation for representational state transfer (rest) ful application programming interface (api) fuzzers guided by dynamic error …,"J Chen, Y Chen, Z Pan, Y Chen, Y Li, Y Li, M Zhang…",2024,Electronics,Google Scholar,"(""REST API"" OR ""Web API"" OR ""OpenAPI"" OR ""Swagger"") AND (""Large Language Model"" OR ""LLM"") AND (""test generation"" OR ""test case generation"") AND (""coverage"" OR ""fault detection"")",INCLUDE,IC1-IC5: REST API + LLM + test generation + empirical
38,Generating REST API Tests With Descriptive Names,"P Garrett, JP Galeotti, A Arcuri, A Poth…",2025,arXiv preprint arXiv …,Google Scholar,"(""REST API"" OR ""Web API"" OR ""OpenAPI"" OR ""Swagger"") AND (""Large Language Model"" OR ""LLM"") AND (""test generation"" OR ""test case generation"") AND (""coverage"" OR ""fault detection"")",EXCLUDE,"EC6: About test NAMING, not generation"
39,OpenAI for OpenAPI: Automated generation of REST API specification via LLMs,"H Chen, Y Li, C Chen, F Lin, W Li",2026,arXiv preprint arXiv:2601.12735,Google Scholar,"(""REST API"" OR ""Web API"" OR ""OpenAPI"" OR ""Swagger"") AND (""Large Language Model"" OR ""LLM"") AND (""test generation"" OR ""test case generation"") AND (""coverage"" OR ""fault detection"")",EXCLUDE,EC5: About API specification generation
40,A framework for testing and adapting rest apis as llm tools,"J Bandlamudi, R Chaudhuri, N Gantayat…",2025,arXiv preprint arXiv …,Google Scholar,"(""REST API"" OR ""Web API"" OR ""OpenAPI"" OR ""Swagger"") AND (""Large Language Model"" OR ""LLM"") AND (""test generation"" OR ""test case generation"") AND (""coverage"" OR ""fault detection"")",EXCLUDE,"EC4: REST APIs AS LLM tools, reverse direction"
41,Restless: Enhancing state-of-the-art rest api fuzzing with llms in cloud service computing,"T Zheng, J Shao, J Dai, S Jiang…",2024,IEEE Transactions on …,Google Scholar,"(""REST API"" OR ""Web API"" OR ""OpenAPI"" OR ""Swagger"") AND (""Large Language Model"" OR ""LLM"") AND (""test generation"" OR ""test case generation"") AND (""coverage"" OR ""fault detection"")",INCLUDE,IC1-IC5: REST API + LLM + test generation + empirical
42,Beyond Coverage: Automatic Test Suite Augmentation for Enhanced Effectiveness using Large Language Models,"Z Lu, P Zhang, Y Nie, Y Yang, Y Tang…",2026,Proceedings of the …,Google Scholar,"(""REST API"" OR ""Web API"" OR ""OpenAPI"" OR ""Swagger"") AND (""Large Language Model"" OR ""LLM"") AND (""test generation"" OR ""test case generation"") AND (""coverage"" OR ""fault detection"")",EXCLUDE,EC4: Java unit test augmentation
43,From Requirements to Executable Tests: LLM-Based System Test Generation for REST APIs,"J Kochanovskis, A Slotkienė",2026,Vilnius University Open Series,Google Scholar,"(""REST API"" OR ""Web API"" OR ""OpenAPI"" OR ""Swagger"") AND (""Large Language Model"" OR ""LLM"") AND (""test generation"" OR ""test case generation"") AND (""coverage"" OR ""fault detection"")",Unsure,Cần đọc full-text để xác nhận scope và kết quả thực nghiệm
44,LLM-assisted Mutation for Whitebox API Testing,"J Li, J Shen, Y Su, MR Lyu",2025,arXiv preprint arXiv:2504.05738,Google Scholar,"(""REST API"" OR ""Web API"" OR ""OpenAPI"" OR ""Swagger"") AND (""Large Language Model"" OR ""LLM"") AND (""test generation"" OR ""test case generation"") AND (""coverage"" OR ""fault detection"")",INCLUDE,IC1-IC5: REST API + LLM + test generation + empirical
45,Leveraging large language models for automated end-to-end testing: an empirical analysis of automated testing tools through experiments,S Ihegbu,2026,,Google Scholar,"(""REST API"" OR ""Web API"" OR ""OpenAPI"" OR ""Swagger"") AND (""Large Language Model"" OR ""LLM"") AND (""test generation"" OR ""test case generation"") AND (""coverage"" OR ""fault detection"")",EXCLUDE,"EC7: Thesis (LUT), not peer-reviewed"
46,Generalizing Test Cases for Comprehensive Test Scenario Coverage,"B Qi, Y Lin, X Weng, C Liu, H Sun, G Fraser…",2026,arXiv preprint arXiv …,Google Scholar,"(""REST API"" OR ""Web API"" OR ""OpenAPI"" OR ""Swagger"") AND (""Large Language Model"" OR ""LLM"") AND (""test generation"" OR ""test case generation"") AND (""coverage"" OR ""fault detection"")",EXCLUDE,"EC4: General test scenarios, not REST API"
47,SAINT: Service-level Integration Test Generation with Program Analysis and LLM-based Agents,"R Pan, R Pavuluri, R Huang, R Krishna…",2025,arXiv preprint arXiv …,Google Scholar,"(""REST API"" OR ""Web API"" OR ""OpenAPI"" OR ""Swagger"") AND (""Large Language Model"" OR ""LLM"") AND (""test generation"" OR ""test case generation"") AND (""coverage"" OR ""fault detection"")",INCLUDE,IC1-IC5: REST API + LLM + test generation + empirical
48,A multi-agent approach for rest api testing with semantic graphs and llm-driven inputs,"M Kim, T Stennett, S Sinha, A Orso",2024,arXiv preprint arXiv:2411.07098,Google Scholar,"(""REST API"" OR ""Web API"" OR ""OpenAPI"" OR ""Swagger"") AND (""Large Language Model"" OR ""LLM"") AND (""test generation"" OR ""test case generation"") AND (""coverage"" OR ""fault detection"")",INCLUDE,IC1-IC5: REST API + LLM + test generation + empirical
49,TestExplora: Benchmarking LLMs for Proactive Bug Discovery via Repository-Level Test Generation,"S Liu, J Luo, X Zhang, A Liu, H Liu, J Wu…",2026,arXiv preprint arXiv …,Google Scholar,"(""REST API"" OR ""Web API"" OR ""OpenAPI"" OR ""Swagger"") AND (""Large Language Model"" OR ""LLM"") AND (""test generation"" OR ""test case generation"") AND (""coverage"" OR ""fault detection"")",EXCLUDE,"EC4: Repository-level, not REST API"
50,Autoresttest: A tool for automated rest api testing using llms and marl,"T Stennett, M Kim, S Sinha…",2025,"IEEE/ACM 47th …, 2025",Google Scholar,"(""REST API"" OR ""Web API"" OR ""OpenAPI"" OR ""Swagger"") AND (""Large Language Model"" OR ""LLM"") AND (""test generation"" OR ""test case generation"") AND (""coverage"" OR ""fault detection"")",INCLUDE,IC1-IC5: REST API + LLM + test generation + empirical
51,LLM-Based Robustness Testing of Microservice Applications: An Empirical Study,"HG Tigulla, M Vieira",2026,arXiv preprint arXiv:2605.14202,Google Scholar,"(""REST API"" OR ""Web API"" OR ""OpenAPI"" OR ""Swagger"") AND (""Large Language Model"" OR ""LLM"") AND (""test generation"" OR ""test case generation"") AND (""coverage"" OR ""fault detection"")",EXCLUDE,"EC6: About ROBUSTNESS testing, not generation"
52,LLM Prompt Engineering for Automated White-Box Integration Test Generation in REST APIs,"AM Rincon, AMR Vincenzi…",2025,"IEEE International …, 2025",Google Scholar,"(""REST API"" OR ""Web API"" OR ""OpenAPI"" OR ""Swagger"") AND (""Large Language Model"" OR ""LLM"") AND (""test generation"" OR ""test case generation"") AND (""coverage"" OR ""fault detection"")",INCLUDE,IC1-IC5: REST API + LLM + test generation + empirical
53,Large language models for software testing: A research roadmap,"C Augusto, A Bertolino, G De Angelis, F Lonetti…",2025,arXiv preprint arXiv …,Google Scholar,"(""REST API"" OR ""Web API"" OR ""OpenAPI"" OR ""Swagger"") AND (""Large Language Model"" OR ""LLM"") AND (""test generation"" OR ""test case generation"") AND (""coverage"" OR ""fault detection"")",EXCLUDE,"IC5: Research roadmap, no experiment"
54,Method of automated integration test generation and continuous execution in large-scale code repositories,"V Boiko, V Martyniuk",2026,,Google Scholar,"(""REST API"" OR ""Web API"" OR ""OpenAPI"" OR ""Swagger"") AND (""Large Language Model"" OR ""LLM"") AND (""test generation"" OR ""test case generation"") AND (""coverage"" OR ""fault detection"")",EXCLUDE,"EC4: General integration test, not REST API"
55,Apitestgenie: Automated api test generation through generative ai,"A Pereira, B Lima, JP Faria",2024,arXiv preprint arXiv:2409.03838,Google Scholar,"(""REST API"" OR ""Web API"" OR ""OpenAPI"" OR ""Swagger"") AND (""Large Language Model"" OR ""LLM"") AND (""test generation"" OR ""test case generation"") AND (""coverage"" OR ""fault detection"")",Unsure,Cần đọc full-text để xác nhận scope và kết quả thực nghiệm
56,Test Amplification for REST APIs Using “Out-of-the-box” Large Language Models,"T Bardakci, S Demeyer, M Beyazit",2025,IEEE Software,Google Scholar,"(""REST API"" OR ""Web API"" OR ""OpenAPI"" OR ""Swagger"") AND (""Large Language Model"" OR ""LLM"") AND (""test generation"" OR ""test case generation"") AND (""coverage"" OR ""fault detection"")",EXCLUDE,"EC6: About test AMPLIFICATION, not generation"
57,APICaseGen: Combining LLMs and conventional approaches for automated test-case generation for web APIs,"R Schönfeld, S Karol",,hs-merseburg.de,Google Scholar,"(""REST API"" OR ""Web API"" OR ""OpenAPI"" OR ""Swagger"") AND (""Large Language Model"" OR ""LLM"") AND (""test generation"" OR ""test case generation"") AND (""coverage"" OR ""fault detection"")",EXCLUDE,EC7: Preprint without clear peer review
58,Automating quality assurance for industrial web applications: a hybrid approach using API fuzzing and agentic UI testing,Y Wu,2025,,Google Scholar,"(""REST API"" OR ""Web API"" OR ""OpenAPI"" OR ""Swagger"") AND (""Large Language Model"" OR ""LLM"") AND (""test generation"" OR ""test case generation"") AND (""coverage"" OR ""fault detection"")",EXCLUDE,"EC7: Thesis (Theseus), not peer-reviewed"
59,Augmenting API Security Testing with Automated LLM-Driven Test Generation,"EM Pasca, R Erdei, D Delinschi, O Matei",2024,International Conference on …,Google Scholar,"(""REST API"" OR ""Web API"" OR ""OpenAPI"" OR ""Swagger"") AND (""Large Language Model"" OR ""LLM"") AND (""test generation"" OR ""test case generation"") AND (""coverage"" OR ""fault detection"")",EXCLUDE,EC6: About SECURITY testing specifically
60,An Intelligent Agent for Automated Test Generation from OpenAPI Specifications,"RF Vilela, SA de Andrade, EBF Santos…",2025,Workshop sobre Bots …,Google Scholar,"(""REST API"" OR ""Web API"" OR ""OpenAPI"" OR ""Swagger"") AND (""Large Language Model"" OR ""LLM"") AND (""test generation"" OR ""test case generation"") AND (""coverage"" OR ""fault detection"")",EXCLUDE,"EC3: Workshop paper, likely short"
61,Unit Test Update through LLM-Driven Context Collection and Error-Type-Aware Refinement,"Y Zhang, Z Yang, S Pan, Z Liu",2025,arXiv preprint arXiv:2509.24419,Google Scholar,"(""REST API"" OR ""Web API"" OR ""OpenAPI"" OR ""Swagger"") AND (""Large Language Model"" OR ""LLM"") AND (""test generation"" OR ""test case generation"") AND (""coverage"" OR ""fault detection"")",EXCLUDE,"EC4: Unit test update, not REST API"
62,Llm-based unit test generation via property retrieval,"Z Zhang, X Liu, Y Lin, X Gao, H Sun, Y Yuan",2024,arXiv preprint arXiv …,Google Scholar,"(""REST API"" OR ""Web API"" OR ""OpenAPI"" OR ""Swagger"") AND (""Large Language Model"" OR ""LLM"") AND (""test generation"" OR ""test case generation"") AND (""coverage"" OR ""fault detection"")",EXCLUDE,"EC4: Unit test generation, not REST API"
63,"LLM-Driven, Self-Improving Framework for Security Test Automation: Leveraging Karate DSL for Augmented API Resilience","EM Pasca, D Delinschi, R Erdei, O Matei",2025,IEEE Access,Google Scholar,"(""REST API"" OR ""Web API"" OR ""OpenAPI"" OR ""Swagger"") AND (""Large Language Model"" OR ""LLM"") AND (""test generation"" OR ""test case generation"") AND (""coverage"" OR ""fault detection"")",EXCLUDE,EC6: About SECURITY test automation
64,Automated Test Data and Test Oracle Generation for REST APIs,JCA Valenzuela,2025,,Google Scholar,"(""REST API"" OR ""Web API"" OR ""OpenAPI"" OR ""Swagger"") AND (""Large Language Model"" OR ""LLM"") AND (""test generation"" OR ""test case generation"") AND (""coverage"" OR ""fault detection"")",EXCLUDE,"EC7: Thesis (Univ. Seville), not peer-reviewed"
65,Metamorphic Testing for LLM-based Code Repair,M de Koning,,repository.tudelft.nl,Google Scholar,"(""REST API"" OR ""Web API"" OR ""OpenAPI"" OR ""Swagger"") AND (""Large Language Model"" OR ""LLM"") AND (""test generation"" OR ""test case generation"") AND (""coverage"" OR ""fault detection"")",EXCLUDE,"EC4: Code repair, not REST API test gen"
66,SATORI: Static Test Oracle Generation for REST APIs,"JC Alonso, A Martin-Lopez, S Segura, G Bavota…",2025,arXiv preprint arXiv …,Google Scholar,"(""REST API"" OR ""Web API"" OR ""OpenAPI"" OR ""Swagger"") AND (""Large Language Model"" OR ""LLM"") AND (""test generation"" OR ""test case generation"") AND (""coverage"" OR ""fault detection"")",EXCLUDE,"EC6: About test ORACLE generation, not test case gen"
67,Unlocking the Next Generation of REST API Security: A Critical Analysis of the Path from Fuzzing to LLMs,"X Zhang, Y He, Y Chen, Z Wang, H Lu…",2025,"IEEE 10th …, 2025",Google Scholar,"(""REST API"" OR ""Web API"" OR ""OpenAPI"" OR ""Swagger"") AND (""Large Language Model"" OR ""LLM"") AND (""test generation"" OR ""test case generation"") AND (""coverage"" OR ""fault detection"")",EXCLUDE,"EC6: About security ANALYSIS, not generation"
68,You Can REST Now: Automated REST API Documentation and Testing via LLM-Assisted Request Mutations,"A Decrop, X Devroey, M Papadakis…",2024,arXiv preprint arXiv …,Google Scholar,"(""REST API"" OR ""Web API"" OR ""OpenAPI"" OR ""Swagger"") AND (""Large Language Model"" OR ""LLM"") AND (""test generation"" OR ""test case generation"") AND (""coverage"" OR ""fault detection"")",EXCLUDE,EC1: Duplicate of #16
69,Logiagent: Automated logical testing for rest systems with llm-based multi-agents,"K Zhang, C Zhang, C Wang, C Zhang, YC Wu…",2025,arXiv preprint arXiv …,Google Scholar,"(""REST API"" OR ""Web API"" OR ""OpenAPI"" OR ""Swagger"") AND (""Large Language Model"" OR ""LLM"") AND (""test generation"" OR ""test case generation"") AND (""coverage"" OR ""fault detection"")",INCLUDE,IC1-IC5: REST API + LLM + test generation + empirical
70,Prompt-Based REST API Test Amplification in Industry: An Experience Report,"T Bardakci, A Faes, M Beyazit, S Demeyr",2026,arXiv preprint arXiv:2601.17903,Google Scholar,"(""REST API"" OR ""Web API"" OR ""OpenAPI"" OR ""Swagger"") AND (""Large Language Model"" OR ""LLM"") AND (""test generation"" OR ""test case generation"") AND (""coverage"" OR ""fault detection"")",EXCLUDE,"EC6: About test AMPLIFICATION, not generation"
71,Agentic LLMs for REST API Test Amplification: A Comparative Study Across Cloud Applications,"J Besjes, R Nooyens, T Bardakci, M Beyazit…",2025,arXiv preprint arXiv …,Google Scholar,"(""REST API"" OR ""Web API"" OR ""OpenAPI"" OR ""Swagger"") AND (""Large Language Model"" OR ""LLM"") AND (""test generation"" OR ""test case generation"") AND (""coverage"" OR ""fault detection"")",EXCLUDE,"EC6: About test AMPLIFICATION, not generation"
72,LLM-based agents in software testing: a systematic mapping study,J Tyynelä,2025,,Google Scholar,"(""REST API"" OR ""Web API"" OR ""OpenAPI"" OR ""Swagger"") AND (""Large Language Model"" OR ""LLM"") AND (""test generation"" OR ""test case generation"") AND (""coverage"" OR ""fault detection"")",EXCLUDE,"IC5: Systematic mapping, no experiment"
73,The current challenges of software engineering in the era of large language models,"C Gao, X Hu, S Gao, X Xia, Z Jin",2025,ACM Transactions on Software …,Google Scholar,"(""REST API"" OR ""Web API"" OR ""OpenAPI"" OR ""Swagger"") AND (""Large Language Model"" OR ""LLM"") AND (""test generation"" OR ""test case generation"") AND (""coverage"" OR ""fault detection"")",EXCLUDE,"IC5: Survey/overview, no experiment"
74,Acceptance test generation with large language models: An industrial case study,"M Ferreira, L Viegas, JP Faria…",2025,"IEEE/ACM …, 2025",Google Scholar,"(""REST API"" OR ""Web API"" OR ""OpenAPI"" OR ""Swagger"") AND (""Large Language Model"" OR ""LLM"") AND (""test generation"" OR ""test case generation"") AND (""coverage"" OR ""fault detection"")",EXCLUDE,"EC4: Gherkin acceptance tests, not REST API test gen"
75,Multi-Agent LLM-based Metamorphic Testing for REST APIs,"S Khan, A Mughees, G Sudheerbabu, T Ahmad…",2026,arXiv preprint arXiv …,Google Scholar,"(""REST API"" OR ""Web API"" OR ""OpenAPI"" OR ""Swagger"") AND (""Large Language Model"" OR ""LLM"") AND (""test generation"" OR ""test case generation"") AND (""coverage"" OR ""fault detection"")",EXCLUDE,"EC6: About METAMORPHIC testing, not generation"
76,LLM-Assisted Test Automation: A Cognitive Software Testing Framework Using Generative AI,C Temel,2025,,Google Scholar,"(""REST API"" OR ""Web API"" OR ""OpenAPI"" OR ""Swagger"") AND (""Large Language Model"" OR ""LLM"") AND (""test generation"" OR ""test case generation"") AND (""coverage"" OR ""fault detection"")",EXCLUDE,"EC7: techRxiv preprint, not peer-reviewed"
77,Evaluation of Large Language Models for Unit Test Generation,"M Konuk, C Baglum, U Yayan",2024,"Innovations in Intelligent …, 2024",Google Scholar,"(""REST API"" OR ""Web API"" OR ""OpenAPI"" OR ""Swagger"") AND (""Large Language Model"" OR ""LLM"") AND (""test generation"" OR ""test case generation"") AND (""coverage"" OR ""fault detection"")",EXCLUDE,"EC4: Unit test evaluation, not REST API"
78,Automating a complete software test process using llms: An automotive case study,"S Wang, Y Yu, R Feldt, D Parthasarathy",2025,arXiv preprint arXiv:2502.04008,Google Scholar,"(""REST API"" OR ""Web API"" OR ""OpenAPI"" OR ""Swagger"") AND (""Large Language Model"" OR ""LLM"") AND (""test generation"" OR ""test case generation"") AND (""coverage"" OR ""fault detection"")",EXCLUDE,"EC7: Thesis/preprint, not peer-reviewed"
79,RESTifAI: LLM-Based Workflow for Reusable REST API Testing,"L Kogler, M Ehrhart, B Dornauer, EP Enoiu",2025,arXiv preprint arXiv …,Google Scholar,"(""REST API"" OR ""Web API"" OR ""OpenAPI"" OR ""Swagger"") AND (""Large Language Model"" OR ""LLM"") AND (""test generation"" OR ""test case generation"") AND (""coverage"" OR ""fault detection"")",INCLUDE,IC1-IC5: REST API + LLM + test generation + empirical
80,Technology adoption performance evaluation applied to testing industrial REST APIs,"A Poth, O Rrjolli, A Arcuri",2025,Automated Software Engineering,Google Scholar,"(""REST API"" OR ""Web API"" OR ""OpenAPI"" OR ""Swagger"") AND (""Large Language Model"" OR ""LLM"") AND (""test generation"" OR ""test case generation"") AND (""coverage"" OR ""fault detection"")",EXCLUDE,EC6: About technology ADOPTION evaluation
81,Automated user story generation with test case specification using large language model,"T Rahman, Y Zhu",2024,arXiv preprint arXiv:2404.01558,Google Scholar,"(""REST API"" OR ""Web API"" OR ""OpenAPI"" OR ""Swagger"") AND (""Large Language Model"" OR ""LLM"") AND (""test generation"" OR ""test case generation"") AND (""coverage"" OR ""fault detection"")",EXCLUDE,"EC5: User story generation, not test gen"
82,Comparative Analysis of the Efficiency of Generation of Unit Test Cases: Manual Methods Versus Automation with Llm,"R Díaz-Arrieta, B Díaz-Monroy, L Castillo",2024,,Google Scholar,"(""REST API"" OR ""Web API"" OR ""OpenAPI"" OR ""Swagger"") AND (""Large Language Model"" OR ""LLM"") AND (""test generation"" OR ""test case generation"") AND (""coverage"" OR ""fault detection"")",EXCLUDE,EC4: Primarily unit testing
83,Introducing black-box fuzz testing for rest apis in industry: Challenges and solutions,"A Arcuri, A Poth, O Rrjolli",2025,"IEEE Conference on Software …, 2025",Google Scholar,"(""REST API"" OR ""Web API"" OR ""OpenAPI"" OR ""Swagger"") AND (""Large Language Model"" OR ""LLM"") AND (""test generation"" OR ""test case generation"") AND (""coverage"" OR ""fault detection"")",EXCLUDE,"EC6: About industry CHALLENGES, not generation"
84,Enhancing API Testing Through Genetic Algorithm-Based Chaos Engineering,"M Ait Said, L Belouaddane, M Soukaina…",2025,… Conference on Artificial …,Google Scholar,"(""REST API"" OR ""Web API"" OR ""OpenAPI"" OR ""Swagger"") AND (""Large Language Model"" OR ""LLM"") AND (""test generation"" OR ""test case generation"") AND (""coverage"" OR ""fault detection"")",EXCLUDE,IC4: No LLM used (genetic algorithm)
85,Prompt Driven Test Generation: Leveraging Large Language Models and Knowledge Graphs for Quality Assurance in Data Intensive Software System,SR Kosna,2025,International Conference on Software Engineering and …,Google Scholar,"(""REST API"" OR ""Web API"" OR ""OpenAPI"" OR ""Swagger"") AND (""Large Language Model"" OR ""LLM"") AND (""test generation"" OR ""test case generation"") AND (""coverage"" OR ""fault detection"")",EXCLUDE,"EC6: About knowledge graphs broadly, not REST API test gen"
86,AI driven Test Scenario Generator,A Chatterjee,2025,"5th International Conference on …, 2025",Google Scholar,"(""REST API"" OR ""Web API"" OR ""OpenAPI"" OR ""Swagger"") AND (""Large Language Model"" OR ""LLM"") AND (""test generation"" OR ""test case generation"") AND (""coverage"" OR ""fault detection"")",EXCLUDE,"EC6: About test SCENARIO gen broadly, vague metrics"
87,"Advancing Software Test Management, Effort Estimation, and Educational Practices with Predictive and Generative AI",S Haldar,2025,,Google Scholar,"(""REST API"" OR ""Web API"" OR ""OpenAPI"" OR ""Swagger"") AND (""Large Language Model"" OR ""LLM"") AND (""test generation"" OR ""test case generation"") AND (""coverage"" OR ""fault detection"")",EXCLUDE,"EC4: Test management, not test gen"
88,Development and verification of an orchestration architecture of AI agents for automated API testing with a unified representation of requirements,M Moskalenko,2026,Technology audit and production reserves,Google Scholar,"(""REST API"" OR ""Web API"" OR ""OpenAPI"" OR ""Swagger"") AND (""Large Language Model"" OR ""LLM"") AND (""test generation"" OR ""test case generation"") AND (""coverage"" OR ""fault detection"")",EXCLUDE,EC7: Questionable venue (journals.uran.ua)
89,Improving patch correctness analysis via random testing and large language models,"F Molina, JM Copia, A Gorla",2024,"IEEE Conference on …, 2024",Google Scholar,"(""REST API"" OR ""Web API"" OR ""OpenAPI"" OR ""Swagger"") AND (""Large Language Model"" OR ""LLM"") AND (""test generation"" OR ""test case generation"") AND (""coverage"" OR ""fault detection"")",EXCLUDE,"EC4: Patch correctness, not REST API test gen"
90,Combining Static and Dynamic Approaches for Mining and Testing Constraints for RESTful API Testing,"H Huynh, T Le, V Nguyen, TN Nguyen",2025,arXiv e-prints,Google Scholar,"(""REST API"" OR ""Web API"" OR ""OpenAPI"" OR ""Swagger"") AND (""Large Language Model"" OR ""LLM"") AND (""test generation"" OR ""test case generation"") AND (""coverage"" OR ""fault detection"")",EXCLUDE,"EC6: About constraint MINING, not test generation"
91,Baseline evaluation of llm-facilitated ui test-case generation from gherkin specifications,"A Poth, O Rrjolli, H Wang, K Schmid",2025,European Conference on Software …,Google Scholar,"(""REST API"" OR ""Web API"" OR ""OpenAPI"" OR ""Swagger"") AND (""Large Language Model"" OR ""LLM"") AND (""test generation"" OR ""test case generation"") AND (""coverage"" OR ""fault detection"")",EXCLUDE,"EC4: UI test generation, not REST API"
92,Reference-based retrieval-augmented unit test generation,"Z Zhang, X Liu, Y Lin, X Gao, H Sun…",2026,ACM Transactions on …,Google Scholar,"(""REST API"" OR ""Web API"" OR ""OpenAPI"" OR ""Swagger"") AND (""Large Language Model"" OR ""LLM"") AND (""test generation"" OR ""test case generation"") AND (""coverage"" OR ""fault detection"")",EXCLUDE,"EC4: Unit test generation, not REST API"
93,An approach to generating api test scripts using gpt,"C Nguyen, H Bui, V Nguyen, T Nguyen",2023,Proceedings of the 12th …,Google Scholar,"(""REST API"" OR ""Web API"" OR ""OpenAPI"" OR ""Swagger"") AND (""Large Language Model"" OR ""LLM"") AND (""test generation"" OR ""test case generation"") AND (""coverage"" OR ""fault detection"")",INCLUDE,IC1-IC5: REST API + LLM + test generation + empirical
94,Debugging Large and Long-Running Applications Using Generated Tests,D Leskovar,2025,,Google Scholar,"(""REST API"" OR ""Web API"" OR ""OpenAPI"" OR ""Swagger"") AND (""Large Language Model"" OR ""LLM"") AND (""test generation"" OR ""test case generation"") AND (""coverage"" OR ""fault detection"")",EXCLUDE,"EC4: Debugging, not REST API test gen"
95,"AI-Based Test Case Generation from Jira Stories, Swagger, or Code",P Palanisamy,2024,,Google Scholar,"(""REST API"" OR ""Web API"" OR ""OpenAPI"" OR ""Swagger"") AND (""Large Language Model"" OR ""LLM"") AND (""test generation"" OR ""test case generation"") AND (""coverage"" OR ""fault detection"")",EXCLUDE,EC7: Questionable venue (ijctjournal.org)
96,Full-Scale Software Engineering,"S Coban, A Mattukat, A Slupczynski",2024,,Google Scholar,"(""REST API"" OR ""Web API"" OR ""OpenAPI"" OR ""Swagger"") AND (""Large Language Model"" OR ""LLM"") AND (""test generation"" OR ""test case generation"") AND (""coverage"" OR ""fault detection"")",EXCLUDE,"EC3: Seminar proceedings, too short"
97,Fuzzing REST APIs in Industry: Necessary Features and Open Problems,"A Arcuri, A Poth, O Rrjolli, P Garrett…",2026,arXiv preprint arXiv …,Google Scholar,"(""REST API"" OR ""Web API"" OR ""OpenAPI"" OR ""Swagger"") AND (""Large Language Model"" OR ""LLM"") AND (""test generation"" OR ""test case generation"") AND (""coverage"" OR ""fault detection"")",EXCLUDE,"EC6: About features/open PROBLEMS, not generation"
98,Utilizing API Response for Test Refinement,"D Sondhi, A Sharma, D Saha",2025,arXiv preprint arXiv:2501.18145,Google Scholar,"(""REST API"" OR ""Web API"" OR ""OpenAPI"" OR ""Swagger"") AND (""Large Language Model"" OR ""LLM"") AND (""test generation"" OR ""test case generation"") AND (""coverage"" OR ""fault detection"")",EXCLUDE,"EC6: About test REFINEMENT, not generation"
99,A LLM-Based Approach for End-to-End Web GUI Test Script Generation and Execution,"W Duan, J Huang, F Wang, H Liu, T Gao…",,Available at SSRN …,Google Scholar,"""REST API"" OR ""Web API"") AND (""LLM"" OR ""Generative AI"" OR ""zero-shot"" OR ""few-shot"") AND (""automated test generation"") AND (""endpoint coverage"" OR ""operation coverage"" OR ""bug detection"" OR ""fault detection""",EXCLUDE,"EC4: GUI test scripts, not REST API"
100,Analysis and automation in service-based systems: test generation and healing for non-regression and security,J Sue,2025,,Google Scholar,"""REST API"" OR ""Web API"") AND (""LLM"" OR ""Generative AI"" OR ""zero-shot"" OR ""few-shot"") AND (""automated test generation"") AND (""endpoint coverage"" OR ""operation coverage"" OR ""bug detection"" OR ""fault detection""",EXCLUDE,"EC7: Thesis (HAL), not peer-reviewed"
101,A CONTRACT-DRIVEN AUTOMATED UNIT TEST MAINTENANCE APPROACH WITH GENERATIVE ARTIFICIAL INTELLIGENCE FOR BACKEND SOFTWARE …,"FS Akıncı, T Tuğlular",2025,Akıllı Sistemler Dergisi,Google Scholar,"""REST API"" OR ""Web API"") AND (""LLM"" OR ""Generative AI"" OR ""zero-shot"" OR ""few-shot"") AND (""automated test generation"") AND (""endpoint coverage"" OR ""operation coverage"" OR ""bug detection"" OR ""fault detection""",EXCLUDE,"EC5: Test maintenance, not generation"
102,Advancing Practical Automated Security Testing for Web Applications,L Pan,2025,,Google Scholar,"""REST API"" OR ""Web API"") AND (""LLM"" OR ""Generative AI"" OR ""zero-shot"" OR ""few-shot"") AND (""automated test generation"") AND (""endpoint coverage"" OR ""operation coverage"" OR ""bug detection"" OR ""fault detection""",EXCLUDE,"EC7: Thesis (Univ. Melbourne), not peer-reviewed"
103,LLMFuzzTestGen: From Automation to Robustness via Multi-Agent LLM-Driven Fuzzing and Feedback Loops,"JA Nuh, TW Koh, MH Osman, B Lawal…",2025,"7th …, 2025",Google Scholar,"""REST API"" OR ""Web API"") AND (""LLM"" OR ""Generative AI"" OR ""zero-shot"" OR ""few-shot"") AND (""automated test generation"") AND (""endpoint coverage"" OR ""operation coverage"" OR ""bug detection"" OR ""fault detection""",Unsure,Cần đọc full-text để xác nhận scope và kết quả thực nghiệm
104,A retrospective on whole test suite generation: On the role of sbst in the age of llms,"G Fraser, A Arcuri",2025,IEEE Transactions on Software Engineering,Google Scholar,"""REST API"" OR ""Web API"") AND (""LLM"" OR ""Generative AI"" OR ""zero-shot"" OR ""few-shot"") AND (""automated test generation"") AND (""endpoint coverage"" OR ""operation coverage"" OR ""bug detection"" OR ""fault detection""",EXCLUDE,"IC5: Retrospective, no experiment"
105,Aligning Academia with Industry: An Empirical Study of Industrial Needs and Academic Capabilities in AI-Driven Software Engineering,"H Yu, Y Lai, L Zhang, X Lian, F Liu, Y Dong…",2025,arXiv preprint arXiv …,Google Scholar,"""REST API"" OR ""Web API"") AND (""LLM"" OR ""Generative AI"" OR ""zero-shot"" OR ""few-shot"") AND (""automated test generation"") AND (""endpoint coverage"" OR ""operation coverage"" OR ""bug detection"" OR ""fault detection""",EXCLUDE,"EC4: Academia-industry study, not test gen"
106,BOSQTGEN: Breaking the Sound Barrier in Test Generation,"SM Asif, J Chen, ET Barr, M Marron",2025,arXiv preprint arXiv:2510.19777,Google Scholar,"""REST API"" OR ""Web API"") AND (""LLM"" OR ""Generative AI"" OR ""zero-shot"" OR ""few-shot"") AND (""automated test generation"") AND (""endpoint coverage"" OR ""operation coverage"" OR ""bug detection"" OR ""fault detection""",EXCLUDE,EC6: About COMBINATORIAL testing broadly
107,Test Oracle Generation for REST APIs,"JC Alonso, MD Ernst, S Segura…",2025,ACM Transactions on …,Google Scholar,"""REST API"" OR ""Web API"") AND (""LLM"" OR ""Generative AI"" OR ""zero-shot"" OR ""few-shot"") AND (""automated test generation"") AND (""endpoint coverage"" OR ""operation coverage"" OR ""bug detection"" OR ""fault detection""",EXCLUDE,"EC6: About test ORACLE generation, not test case gen"
108,"WFC/WFD: Web Fuzzing Commons, Dataset and Guidelines to Support Experimentation in REST API Fuzzing","O Sahin, M Zhang, A Arcuri",2025,arXiv preprint arXiv:2509.01612,Google Scholar,"""REST API"" OR ""Web API"") AND (""LLM"" OR ""Generative AI"" OR ""zero-shot"" OR ""few-shot"") AND (""automated test generation"") AND (""endpoint coverage"" OR ""operation coverage"" OR ""bug detection"" OR ""fault detection""",EXCLUDE,"EC6: DATASET paper, not test generation approach"
109,From Developer Assistance to Complete Development Automation: A Workflow-Centric Framework for AI Code Generation,"V Sonkin, C Tudose",2025,,Google Scholar,"""REST API"" OR ""Web API"") AND (""LLM"" OR ""Generative AI"" OR ""zero-shot"" OR ""few-shot"") AND (""automated test generation"") AND (""endpoint coverage"" OR ""operation coverage"" OR ""bug detection"" OR ""fault detection""",EXCLUDE,EC4: General SE automation
110,"Log-based, Business-aware REST API Testing","D Yang, R Qian, Z Wei, Z Chen, C Fang",2026,arXiv preprint arXiv:2604.08007,Google Scholar,"""REST API"" OR ""Web API"") AND (""LLM"" OR ""Generative AI"" OR ""zero-shot"" OR ""few-shot"") AND (""automated test generation"") AND (""endpoint coverage"" OR ""operation coverage"" OR ""bug detection"" OR ""fault detection""",EXCLUDE,"EC6: About testing APPROACH (log-based), not generation"
111,Generative AI for Software Development Automation,SKN Banoth,2026,Available at SSRN 6556058,Google Scholar,"""REST API"" OR ""Web API"") AND (""LLM"" OR ""Generative AI"" OR ""zero-shot"" OR ""few-shot"") AND (""automated test generation"") AND (""endpoint coverage"" OR ""operation coverage"" OR ""bug detection"" OR ""fault detection""",EXCLUDE,IC5: General survey
112,Enhancing rest api testing with nlp techniques,"M Kim, D Corradini, S Sinha, A Orso…",2023,Proceedings of the …,Google Scholar,"""REST API"" OR ""Web API"") AND (""LLM"" OR ""Generative AI"" OR ""zero-shot"" OR ""few-shot"") AND (""automated test generation"") AND (""endpoint coverage"" OR ""operation coverage"" OR ""bug detection"" OR ""fault detection""",INCLUDE,IC1-IC5: REST API + LLM + test generation + empirical
113,"Automated and Effective Metamorphic Testing: Relation Discovery, Deduction, and Generation",C Xu,2026,,Google Scholar,"""REST API"" OR ""Web API"") AND (""LLM"" OR ""Generative AI"" OR ""zero-shot"" OR ""few-shot"") AND (""automated test generation"") AND (""endpoint coverage"" OR ""operation coverage"" OR ""bug detection"" OR ""fault detection""",EXCLUDE,"EC7: Thesis (HKUST), not peer-reviewed"
114,Usability of LLMs for Assisting Software Engineering: A Literature Review,D Hussein,2024,,Google Scholar,"""REST API"" OR ""Web API"") AND (""LLM"" OR ""Generative AI"" OR ""zero-shot"" OR ""few-shot"") AND (""automated test generation"") AND (""endpoint coverage"" OR ""operation coverage"" OR ""bug detection"" OR ""fault detection""",EXCLUDE,"IC5: Literature review, no experiment"
115,Rest api testing in devops: A study on an evolving healthcare iot application,"H Sartaj, S Ali, J Marie Gjøby",2026,ACM Transactions on Software …,Google Scholar,"""REST API"" OR ""Web API"") AND (""LLM"" OR ""Generative AI"" OR ""zero-shot"" OR ""few-shot"") AND (""automated test generation"") AND (""endpoint coverage"" OR ""operation coverage"" OR ""bug detection"" OR ""fault detection""",EXCLUDE,"EC6: About testing in DEVOPS, not generation"
116,Efficient Fuzzing of Web APIs in Embedded Environments,"K Alemo, F Orheim",2026,LU-CS-EX,Google Scholar,"""REST API"" OR ""Web API"") AND (""LLM"" OR ""Generative AI"" OR ""zero-shot"" OR ""few-shot"") AND (""automated test generation"") AND (""endpoint coverage"" OR ""operation coverage"" OR ""bug detection"" OR ""fault detection""",EXCLUDE,IC4: No LLM used (traditional fuzzing)
117,Rest API Functional Tester,"D Saha, D Sondhi, S Haldar, S Sinha",2025,Proceedings of the 18th …,Google Scholar,"""REST API"" OR ""Web API"") AND (""LLM"" OR ""Generative AI"" OR ""zero-shot"" OR ""few-shot"") AND (""automated test generation"") AND (""endpoint coverage"" OR ""operation coverage"" OR ""bug detection"" OR ""fault detection""",Unsure,Cần đọc full-text để xác nhận scope và kết quả thực nghiệm
118,Detecting and Mitigating Flakiness in REST API Fuzzing,"M Zhang, C Shen, A Arcuri, T Yue",2026,arXiv preprint arXiv:2603.28452,Google Scholar,"""REST API"" OR ""Web API"") AND (""LLM"" OR ""Generative AI"" OR ""zero-shot"" OR ""few-shot"") AND (""automated test generation"") AND (""endpoint coverage"" OR ""operation coverage"" OR ""bug detection"" OR ""fault detection""",EXCLUDE,"EC6: About test FLAKINESS, not generation"
119,Hamster: A Large-Scale Study and Characterization of Developer-Written Tests,"R Pan, T Stennett, R Pavuluri, N Levin, A Orso…",2025,arXiv preprint arXiv …,Google Scholar,"""REST API"" OR ""Web API"") AND (""LLM"" OR ""Generative AI"" OR ""zero-shot"" OR ""few-shot"") AND (""automated test generation"") AND (""endpoint coverage"" OR ""operation coverage"" OR ""bug detection"" OR ""fault detection""",EXCLUDE,"EC5: Characterization study, not gen"
120,Real-World Fault Detection for C-Extended Python Projects with Automated Unit Test Generation,"L Berg, L Krodinger, S Lukasczyk, A Panichella…",2026,arXiv preprint arXiv …,Google Scholar,"""REST API"" OR ""Web API"") AND (""LLM"" OR ""Generative AI"" OR ""zero-shot"" OR ""few-shot"") AND (""automated test generation"") AND (""endpoint coverage"" OR ""operation coverage"" OR ""bug detection"" OR ""fault detection""",EXCLUDE,"EC4: Python unit test, not REST API"
121,Search-Based Software Engineering and AI Foundation Models: Current Landscape and Future Roadmap,"H Sartaj, S Ali, P Arcaini, A Arcuri",2025,arXiv preprint arXiv:2505.19625,Google Scholar,"""REST API"" OR ""Web API"") AND (""LLM"" OR ""Generative AI"" OR ""zero-shot"" OR ""few-shot"") AND (""automated test generation"") AND (""endpoint coverage"" OR ""operation coverage"" OR ""bug detection"" OR ""fault detection""",EXCLUDE,"IC5: Roadmap, no experiment"
122,When Specifications Meet Reality: Uncovering API Inconsistencies in Ethereum Infrastructure,"J Ma, N He, J Xi, M Xing, L Liu, J Luo, X Fu…",2026,Proceedings of the …,Google Scholar,"""REST API"" OR ""Web API"") AND (""LLM"" OR ""Generative AI"" OR ""zero-shot"" OR ""few-shot"") AND (""automated test generation"") AND (""endpoint coverage"" OR ""operation coverage"" OR ""bug detection"" OR ""fault detection""",EXCLUDE,"EC4: Ethereum-specific, too niche"
123,A Hybrid Neuro-Symbolic BDI Multi-Agent Architecture for LLM-Based Unit Test Generation,"M Üstgel, E Askın, BT Tezel, M Challenger",,environments,Google Scholar,"""REST API"" OR ""Web API"") AND (""LLM"" OR ""Generative AI"" OR ""zero-shot"" OR ""few-shot"") AND (""automated test generation"") AND (""endpoint coverage"" OR ""operation coverage"" OR ""bug detection"" OR ""fault detection""",EXCLUDE,"EC4: Unit test gen, not REST API"
124,Prompt fuzzing for fuzz driver generation,"Y Lyu, Y Xie, P Chen, H Chen",2024,"Proceedings of the on ACM …, 2024",Google Scholar,"""REST API"" OR ""Web API"") AND (""LLM"" OR ""Generative AI"" OR ""zero-shot"" OR ""few-shot"") AND (""automated test generation"") AND (""endpoint coverage"" OR ""operation coverage"" OR ""bug detection"" OR ""fault detection""",EXCLUDE,"EC4: Fuzz driver, not REST API test gen"
125,AI IN WEB DEVELOPMENT: A COMPARATIVE STUDY ON TRADITIONAL VS AI-DRIVEN APPROACHES,"S Ch, V Ch",2026,Power System Protection and Control,Google Scholar,"""REST API"" OR ""Web API"") AND (""LLM"" OR ""Generative AI"" OR ""zero-shot"" OR ""few-shot"") AND (""automated test generation"") AND (""endpoint coverage"" OR ""operation coverage"" OR ""bug detection"" OR ""fault detection""",EXCLUDE,IC5: General comparison
126,A Case for Learned Cloud Emulators,"A Bhatnagar, Y Qiu, S McClure, S Ratnasamy…",2025,Proceedings of the 24th …,Google Scholar,"""REST API"" OR ""Web API"") AND (""LLM"" OR ""Generative AI"" OR ""zero-shot"" OR ""few-shot"") AND (""automated test generation"") AND (""endpoint coverage"" OR ""operation coverage"" OR ""bug detection"" OR ""fault detection""",EXCLUDE,EC4: Cloud emulators
127,Why android app testing falls short: empirical insights from open-source projects and a practitioner survey,"T Mahmud, M Che, A Ngu, G Yang",2025,Empirical Software Engineering,Google Scholar,"""REST API"" OR ""Web API"") AND (""LLM"" OR ""Generative AI"" OR ""zero-shot"" OR ""few-shot"") AND (""automated test generation"") AND (""endpoint coverage"" OR ""operation coverage"" OR ""bug detection"" OR ""fault detection""",EXCLUDE,EC4: Android testing
128,"Systems, Software and Services Process Improvement: 32nd European Conference, EuroSPI 2025, Riga, Latvia, September 17–19, 2025, Proceedings, Part I","M Yilmaz, P Clarke, A Riel, R Messnarz, M Zelmenis…",2025,,Google Scholar,"""REST API"" OR ""Web API"") AND (""LLM"" OR ""Generative AI"" OR ""zero-shot"" OR ""few-shot"") AND (""automated test generation"") AND (""endpoint coverage"" OR ""operation coverage"" OR ""bug detection"" OR ""fault detection""",EXCLUDE,EC3: Conference proceedings book
129,Use Cases for AI Driven Coding-Using Vibe Coding Seriously in Enterprise Environment,J Ayo,2026,,Google Scholar,"""REST API"" OR ""Web API"") AND (""LLM"" OR ""Generative AI"" OR ""zero-shot"" OR ""few-shot"") AND (""automated test generation"") AND (""endpoint coverage"" OR ""operation coverage"" OR ""bug detection"" OR ""fault detection""",EXCLUDE,EC4: Vibe coding
130,Pool++: Enhancing Unit Test Coverage Through Audio Data and Mock Generation,PP Ferreira,2025,,Google Scholar,"""REST API"" OR ""Web API"") AND (""LLM"" OR ""Generative AI"" OR ""zero-shot"" OR ""few-shot"") AND (""automated test generation"") AND (""endpoint coverage"" OR ""operation coverage"" OR ""bug detection"" OR ""fault detection""",EXCLUDE,EC4: Unit test coverage
131,Quantum artificial intelligence for software engineering: The road ahead,"X Wang, S Ali, P Arcaini",2025,arXiv preprint arXiv:2505.04797,Google Scholar,"""REST API"" OR ""Web API"") AND (""LLM"" OR ""Generative AI"" OR ""zero-shot"" OR ""few-shot"") AND (""automated test generation"") AND (""endpoint coverage"" OR ""operation coverage"" OR ""bug detection"" OR ""fault detection""",EXCLUDE,EC4: Quantum AI
132,AI and Microservices: Integrating AI Into API Design and Distributed Microservice Architecture,"DK Pandiya, N Charankar",2025,,Google Scholar,"""REST API"" OR ""Web API"") AND (""LLM"" OR ""Generative AI"" OR ""zero-shot"" OR ""few-shot"") AND (""automated test generation"") AND (""endpoint coverage"" OR ""operation coverage"" OR ""bug detection"" OR ""fault detection""",EXCLUDE,"EC3: Book, not research paper"
133,Connecting Requirements Engineering to Agentic Development,"J Kawelke, T Niebisch",2026,AI-Driven Transformation-Practical Frameworks for …,Google Scholar,"""REST API"" OR ""Web API"") AND (""LLM"" OR ""Generative AI"" OR ""zero-shot"" OR ""few-shot"") AND (""automated test generation"") AND (""endpoint coverage"" OR ""operation coverage"" OR ""bug detection"" OR ""fault detection""",EXCLUDE,EC4: Requirements engineering
134,ICSE 2024,M Rinard,,computer.org,Google Scholar,"""REST API"" OR ""Web API"") AND (""LLM"" OR ""Generative AI"" OR ""zero-shot"" OR ""few-shot"") AND (""automated test generation"") AND (""endpoint coverage"" OR ""operation coverage"" OR ""bug detection"" OR ""fault detection""",EXCLUDE,EC3: Conference index page
135,AI and Microservices,"AI Integrating, DK Pandiya, N Charankar",,Springer,Google Scholar,"""REST API"" OR ""Web API"") AND (""LLM"" OR ""Generative AI"" OR ""zero-shot"" OR ""few-shot"") AND (""automated test generation"") AND (""endpoint coverage"" OR ""operation coverage"" OR ""bug detection"" OR ""fault detection""",EXCLUDE,EC1: Duplicate of #132
136,Demystifying react native android apps for static analysis,"Y Liu, X Chen, P Liu, J Samhi, J Grundy…",2025,ACM Transactions on …,Google Scholar,"""REST API"" OR ""Web API"") AND (""LLM"" OR ""Generative AI"" OR ""zero-shot"" OR ""few-shot"") AND (""automated test generation"") AND (""endpoint coverage"" OR ""operation coverage"" OR ""bug detection"" OR ""fault detection""",EXCLUDE,EC4: React Native static analysis
137,The future of ai-enhanced microservices and apis,"DK Pandiya, N Charankar",2025,AI and Microservices: Integrating AI Into API …,Google Scholar,"""REST API"" OR ""Web API"") AND (""LLM"" OR ""Generative AI"" OR ""zero-shot"" OR ""few-shot"") AND (""automated test generation"") AND (""endpoint coverage"" OR ""operation coverage"" OR ""bug detection"" OR ""fault detection""",EXCLUDE,"EC4: Book chapter, not empirical"
138,Most Cited Papers in Software Engineering 2013-2023,M Monperrus,2025,,Google Scholar,"""REST API"" OR ""Web API"") AND (""LLM"" OR ""Generative AI"" OR ""zero-shot"" OR ""few-shot"") AND (""automated test generation"") AND (""endpoint coverage"" OR ""operation coverage"" OR ""bug detection"" OR ""fault detection""",EXCLUDE,EC4: Bibliography compilation