"id","title","authors","year","venue","doi","url","search_strings","v1_decision","v1_reason","v2_decision","v2_reason"
"1","LlamaRestTest: Effective REST API Testing with Small Language Models","Myeongsoo Kim | Saurabh Sinha | Alessandro Orso","2025","Proceedings of the ACM on software engineering.","10.1145/3715737","https://openalex.org/W4411449726","String 1, String 2","INCLUDE","IC1, IC2, IC3, IC4, IC5","Include","IC3, IC4, IC5 - Verified relevant"
"2","KAT: Dependency-Aware Automated API Testing with Large Language Models","Minh-Tri Le | Thien Tran | Duy Minh Cao | Vy Le | Tien N. Nguyen | Vu Nguyen","2024","arXiv (Cornell University)","10.1109/icst60714.2024.00017","https://openalex.org/W4400703290","String 1","INCLUDE","IC1, IC2, IC3, IC4, IC5","Include","IC3, IC4, IC5 - Verified relevant"
"3","ChatGPT vs SBST: A Comparative Assessment of Unit Test Suite Generation","Yutian Tang | Zhijie Liu | Zhichao Zhou | Xiapu Luo","2024","IEEE Transactions on Software Engineering","10.1109/tse.2024.3382365","https://openalex.org/W4393305539","String 1","EXCLUDE","EC4 - Unit testing, not REST API","",""
"4","Enriching Location Representation with Detailed Semantic Information","Muehlburger, Herbert | Wotawa, Franz","2024","arXiv (Cornell University)","10.4230/lipics.giscience.2025.3","https://openalex.org/W4401306886","String 1","EXCLUDE","EC4 - CPS anomaly detection","",""
"5","A Survey on the Development of Network Protocol Fuzzing Techniques","Zhaowei Zhang | Hongzheng Zhang | Jinjing Zhao | Yanfei Yin","2023","Electronics","10.3390/electronics12132904","https://openalex.org/W4382941062","String 1","EXCLUDE","EC4 - Network protocol fuzzing","",""
"6","Technology adoption performance evaluation applied to testing industrial REST APIs","Alexander Poth | Olsi Rrjolli | Andrea Arcuri","2024","Automated Software Engineering","10.1007/s10515-024-00477-2","https://openalex.org/W4404900414","String 1","INCLUDE","IC1, IC2, IC3, IC4, IC5","Include","IC3, IC4, IC5 - Verified relevant"
"7","SAINT: Service-level Integration Test Generation with Program Analysis and LLM-based Agents","Rangeet Pan | Raju Pavuluri | Ruikai Huang | Rahul Krishna | Tyler Stennett | Alessandro Orso | Saurabh Sinha","2025","arXiv (Cornell University)","10.48550/arxiv.2511.13305","https://openalex.org/W4416363343","String 1","INCLUDE","IC1, IC2, IC3, IC4, IC5","Include","IC3, IC4, IC5 - Verified relevant"
"8","Розробка та верифікація оркестраційної архітектури AI-агентів для автоматизованого тестування API з уніфікованим представленням вимог","Максим Леонідович Москаленко","2026","The Scientific Issues of Ternopil Volodymyr Hnatiuk National Pedagogical University Series pedagogy","","https://openalex.org/W7162968689","String 1, String 2","EXCLUDE","IC1 - Non-English","",""
"9","Research directions for using LLM in software requirement engineering: a systematic review","Arshia Hemmat | Mohammadreza Sharbaf | Shekoufeh Kolahdouz-Rahimi | Kevin Lano | Sobhan Y. Tehrani","2025","Frontiers in Computer Science","10.3389/fcomp.2025.1519437","https://openalex.org/W4408691084","String 1","EXCLUDE","EC4 - Requirements engineering","",""
"10","Automated Test Generation for Medical Rules Web Services: A Case Study at the Cancer Registry of Norway","Christoph Laaber | Tao Yue | Shaukat Ali | Thomas Schwitalla | Jan F. Nygård","2023","arXiv (Cornell University)","10.1145/3611643.3613882","https://openalex.org/W4386185444","String 1, String 2","EXCLUDE","EC4 - No REST API testing context","",""
"11","RESTestBench: A Benchmark for Evaluating the Effectiveness of LLM-Generated REST API Test Cases from NL Requirements","Leon Kogler | Stefan Hangler | Maximilian Ehrhart | Benedikt Dornauer | Roland Wuersching | Peter Schrammel","2026","ArXiv.org","","https://openalex.org/W7159547511","String 1, String 2","INCLUDE","IC1, IC2, IC3, IC4, IC5","Include","IC3, IC4, IC5 - Verified relevant"
"12","Fuzzing frameworks for server-side web applications: a survey","I Putu Arya Dharmaadi | Ηλίας Αθανασόπουλος | Fatih Türkmen","2025","International Journal of Information Security","10.1007/s10207-024-00979-w","https://openalex.org/W4407152789","String 1, String 2","EXCLUDE","IC4 - No LLM involvement","",""
"13","Assessing REST API Test Generation Strategies with Log Coverage","Nana Reinikainen | Mika Mäntylä | Yuqing Wang","2026","ArXiv.org","","https://openalex.org/W7153670734","String 1","INCLUDE","IC1, IC2, IC3, IC4, IC5","Include","IC3, IC4, IC5 - Verified relevant"
"14","Deep learning-based software engineering: progress, challenges, and opportunities","Xiangping Chen | Xing Hu | Yuan Huang | He Jiang | Weixing Ji | Yanjie Jiang | Yanyan Jiang | Bo Liu | Hui Liu | Xiaochen Li | Xiaoli Lian | Guozhu Meng | Peng Xin | Hailong Sun | Lin Shi | Bo Wang | Chong Wang | Jiayi Wang | Tiantian Wang | Jifeng Xuan | Xin Xia | Yibiao Yang | Yixin Yang | Zhang Li | Yuming Zhou | Lu Zhang","2024","Science China Information Sciences","10.1007/s11432-023-4127-5","https://openalex.org/W4403579163","String 1","EXCLUDE","EC4 - No REST API testing context","",""
"15","You Can REST Now: Automated REST API Documentation and Testing via LLM-Assisted Request Mutations","Alix Decrop | Xavier Devroey | Mike Papadakis | Pierre‐Yves Schobbens | Gilles Perrouin","2024","arXiv (Cornell University)","10.48550/arxiv.2402.05102","https://openalex.org/W4391670454","String 1","INCLUDE","IC1, IC2, IC3, IC4, IC5","Include","IC3, IC4, IC5 - Verified relevant"
"16","DynER: Optimized Test Case Generation for Representational State Transfer (REST)ful Application Programming Interface (API) Fuzzers Guided by Dynamic Error Responses","Juxing Chen | Yuanchao Chen | Zulie Pan | Yu Chen | Yuwei Li | Yang Li | Min Zhang | Yi Shen","2024","Electronics","10.3390/electronics13173476","https://openalex.org/W4402130153","String 1, String 2","INCLUDE","IC1, IC2, IC3, IC4, IC5","Include","IC3, IC4, IC5 - Verified relevant"
"17","Prompt Fuzzing for Fuzz Driver Generation","Yunlong Lyu | Yuxuan Xie | Peng Chen | Hao Chen","2024","","10.1145/3658644.3670396","https://openalex.org/W4405182882","String 1","EXCLUDE","EC4 - Fuzz driver generation for libraries","",""
"18","A Multi-Agent Approach for REST API Testing with Semantic Graphs and LLM-Driven Inputs","Myeongsoo Kim | Tyler Stennett | Saurabh Sinha | Alessandro Orso","2024","arXiv (Cornell University)","10.48550/arxiv.2411.07098","https://openalex.org/W4404391907","String 1, String 2","INCLUDE","IC1, IC2, IC3, IC4, IC5","Include","IC3, IC4, IC5 - Relevant"
"19","Automating REST API Postman Test Cases Using LLM","Sulistyowati Sri | Mohammed Aadil S | Sanjjushri Varshini R | Raja Raman | Gopinath Rajagopal | S Taranath Chan","2024","arXiv (Cornell University)","10.48550/arxiv.2404.10678","https://openalex.org/W4394906509","String 1, String 2","INCLUDE","IC1, IC2, IC3, IC4, IC5","Include","IC3, IC4, IC5 - Verified relevant"
"20","DeepREST: Automated Test Case Generation for REST APIs Exploiting Deep Reinforcement Learning","Davide Corradini | Zeno Montolli | Michele Pasqua | Mariano Ceccato","2024","arXiv (Cornell University)","10.48550/arxiv.2408.08594","https://openalex.org/W4402500955","String 1","EXCLUDE","IC4 - No LLM involvement","",""
"21","Understanding Hackers’ Work: An Empirical Study of Offensive Security Practitioners","Andreas Happe | Jürgen Cito","2023","","10.1145/3611643.3613900","https://openalex.org/W4385849148","String 1","EXCLUDE","EC4 - Security/pen testing","",""
"22","Automating a Complete Software Test Process Using LLMs: An Automotive Case Study","Wang, Shuai | Yinan Yu | Robert Feldt | Dhasarathy Parthasarathy","2025","ArXiv.org","10.48550/arxiv.2502.04008","https://openalex.org/W4407245148","String 1","EXCLUDE","EC4 - No REST API testing context","",""
"23","A Review on Vibe Coding: Fundamentals, State-of-the-art, Challenges and Future Directions","Partha Pratim Ray","2025","","10.36227/techrxiv.174681482.27435614/v1","https://openalex.org/W4410251856","String 1","EXCLUDE","EC4 - Vibe coding review","",""
"24","APITestGenie: Automated API Test Generation through Generative AI","André F. G. Pereira | Bruno Lima | João Pascoal Faria","2024","arXiv (Cornell University)","10.48550/arxiv.2409.03838","https://openalex.org/W4403585936","String 1, String 2","INCLUDE","IC1, IC2, IC3, IC4, IC5","Include","IC3, IC4, IC5 - Verified relevant"
"25","Assessing REST API Test Generation Strategies with Log Coverage replication package","Nana Reinikainen | Mika Mäntylä | Yuqing Wang","2026","Zenodo (CERN European Organization for Nuclear Research)","10.5281/zenodo.19944007","https://openalex.org/W7159683995","String 1","EXCLUDE","EC3 - Replication package/dataset","",""
"26","Co-Evo","None","2026","Zenodo (CERN European Organization for Nuclear Research)","10.5281/zenodo.18427827","https://openalex.org/W7126156313","String 1","EXCLUDE","EC3 - Dataset/software, not research paper","",""
"27","ТЕКСТОВИЙ СТАНДАРТ ОПИСУ API ЯК ІНСТРУМЕНТ ПІДВИЩЕННЯ ЯКОСТІ ТЕСТУВАННЯ ПРОГРАМНОГО ЗАБЕЗПЕЧЕННЯ","М.Л. Москаленко","2026","System technologies","10.34185/1562-9945-4-165-2026-17","https://openalex.org/W7160428154","String 1","EXCLUDE","IC1 - Non-English","",""
"28","Breaking the Silence: the Threats of Using LLMs in Software Engineering","June Sallou | Thomas Durieux | Annibale Panichella","2023","Socio-Environmental Systems Modeling","10.48550/arxiv.2312.08055","https://openalex.org/W4389768548","String 1","EXCLUDE","EC4 - No REST API testing context","",""
"29","BigCodeBench: Benchmarking Code Generation with Diverse Function Calls and Complex Instructions","Terry Yue Zhuo | Minh Chien Vu | Jenny Chim | Han Hu | Wenhao Yu | Ratnadira Widyasari | Imam Nur Bani Yusuf | Haolan Zhan | Junda He | Indraneil Paul | Simon Brunner | Chen Gong | Thong Hoang | Armel Randy Zebaze | Xiaoheng Hong | Wen-Ding Li | Jean Kaddour | Ming Xu | Zhihan Zhang | Prateek Yadav | Naman Jain | Alex Gu | Zhoujun Cheng | Jiawei Liu | Qian Liu | Zijian Wang | Binyuan Hui | Niklas Muennighoff | David Lo | Daniel Fried | Xiaoning Du | Harm de Vries | Leandro Von Werra","2024","arXiv (Cornell University)","10.48550/arxiv.2406.15877","https://openalex.org/W4400023054","String 1","EXCLUDE","EC4 - Code benchmarking","",""
"30","MR-Adopt: Automatic Deduction of Input Transformation Function for Metamorphic Testing","Congying Xu | Songqiang Chen | Jiarong Wu | Shing-Chi Cheung | Valerio Terragni | Hengcheng Zhu | Jialun Cao","2024","arXiv (Cornell University)","10.48550/arxiv.2408.15815","https://openalex.org/W4402706028","String 1","EXCLUDE","EC4 - No REST API testing context","",""
"31","A Study on the Quality of LLM-Generated Authorization Tests for Microservices","Anonymous","2026","Zenodo (CERN European Organization for Nuclear Research)","10.5281/zenodo.19199479","https://openalex.org/W7140198598","String 1","EXCLUDE","EC3 - Replication package/dataset","",""
"32","Augmenting API Security Testing with Automated LLM-Driven Test Generation","Emil Marian Pașca | Rudolf Erdei | Daniela Delinschi | Oliviu Matei","2024","Lecture notes in networks and systems","10.1007/978-3-031-75016-8_11","https://openalex.org/W4404366535","String 1","EXCLUDE","EC4 - No REST API testing context","",""
"33","Payload Analysis of Adversaries' Tooling: Automated Identification of Fuzzers","Aayush Garg | Aayush Garg | Constantinos Patsakis | Zanis Ali Khan | Qiang Tang","2024","","10.36227/techrxiv.173385946.65994728/v1","https://openalex.org/W4405229980","String 1","EXCLUDE","EC4 - Payload/fuzzer identification","",""
"34","Feedback-Guided API Fuzzing of 5G Network","Tianchang Yang | K S Sathiyajith | Ashwin Senthil Arumugam | Syed Rafiul Hussain","2025","","10.14722/futureg.2025.23071","https://openalex.org/W4413462349","String 1","EXCLUDE","EC4 - 5G network","",""
"35","Mutation-Guided Unit Test Generation With a Large Language Model","Guancheng Wang | Qinghua Xu | Lionel Briand | Kui Liu","2026","IEEE Transactions on Software Engineering","10.1109/tse.2026.3682975","https://openalex.org/W7153155872","String 1, String 2","EXCLUDE","EC4 - Unit testing, not REST API","",""
"36","Intelligent Automation: Leveraging LLMs in DevOps Toolchains","Hitesh Allam","2024","International Journal of AI BigData Computational and Management Studies","10.63282/3050-9416.ijaibdcms-v5i4p109","https://openalex.org/W4411659439","String 1","EXCLUDE","EC4 - DevOps general","",""
"37","LLM-based Unit Test Generation via Property Retrieval","Zhe Zhang | Xingyu Liu | Yuanzhang Lin | Xiang Gao | Hailong Sun | Yuan Yuan","2024","arXiv (Cornell University)","10.48550/arxiv.2410.13542","https://openalex.org/W4403579820","String 1","EXCLUDE","EC4 - Unit testing, not REST API","",""
"38","Test Oracle Automation in the era of LLMs","Facundo Molina | Alessandra Gorla","2024","arXiv (Cornell University)","10.48550/arxiv.2405.12766","https://openalex.org/W4398230755","String 1, String 2","EXCLUDE","EC4 - Test oracle general","",""
"39","CodeArena: A Collective Evaluation Platform for LLM Code Generation","Mingzhe Du | Anh Tuan Luu | Bin Ji | Xiaobao Wu | Yuhao Qing | Dong Huang | Terry Yue Zhuo | Qian Liu | See-Kiong Ng","2025","","10.18653/v1/2025.acl-demo.48","https://openalex.org/W4412887032","String 1","EXCLUDE","EC4 - Code generation","",""
"40","Metamorphic Relation Generation: State of the Art and Visions for Future Research","Rui Li | Huai Liu | Pak‐Lok Poon | Dave Towey | Chang‐ai Sun | Zheng Zheng | Zhi Quan Zhou | Tsong Yueh Chen","2024","arXiv (Cornell University)","10.48550/arxiv.2406.05397","https://openalex.org/W4399597760","String 1","EXCLUDE","EC4 - Metamorphic testing general","",""
"41","Democratizing Digital Transformation: A Multisector Study of Low-Code Adoption Patterns, Limitations, and Emerging Paradigms","Zhengwu Shi | Junyu Dong | Yanhai Gan","2025","Applied Sciences","10.3390/app15126481","https://openalex.org/W4411153268","String 1, String 2","EXCLUDE","EC4 - Low-code platforms","",""
"42","The Current Challenges of Software Engineering in the Era of Large Language Models","Cuiyun Gao | Xing Hu | Shan Gao | Xin Xia | Zhi Jin","2024","arXiv (Cornell University)","10.48550/arxiv.2412.14554","https://openalex.org/W4405627723","String 1","EXCLUDE","EC4 - No REST API testing context","",""
"43","Efficient and Robust Security-Patch Localization for Disclosed OSS Vulnerabilities with Fine-Tuned LLMs in an Industrial Setting","Dezhi Ran | Lin Li | Liuchuan Zhu | Yuan Cao | Landelong Zhao | Xin Tan | Guangtai Liang | Qianxiang Wang | Tao Xie","2025","","10.1145/3696630.3728551","https://openalex.org/W4412703936","String 1","EXCLUDE","EC4 - No REST API testing context","",""
"44","Towards Test Generation from Task Description for Mobile Testing with Multi-modal Reasoning","Hieu Huynh | Hai Phung | Hao Pham | Tien N. Nguyen | Vu Nguyen","2025","ArXiv.org","10.48550/arxiv.2504.15917","https://openalex.org/W4414634059","String 1","EXCLUDE","EC4 - GUI/mobile testing","",""
"45","Artificial Intelligence as the New Hacker: Developing Agents for Offensive Security","Leroy Jacob Valencia","2024","arXiv (Cornell University)","10.48550/arxiv.2406.07561","https://openalex.org/W4399694331","String 1","EXCLUDE","EC4 - Security/pen testing","",""
"46","LLMs in the Heart of Differential Testing: A Case Study on a Medical Rule Engine","Erblin Isaku | Christoph Laaber | Hassan Sartaj | Shaukat Ali | Thomas Schwitalla | Jan F. Nygård","2024","arXiv (Cornell University)","10.48550/arxiv.2404.03664","https://openalex.org/W4394591070","String 1","EXCLUDE","EC4 - No REST API testing context","",""
"47","Req2Test: An Approach for the Automatic Generation of Unit Tests from User Stories Using LLMs","França, Mattheus | Benitti, Fabiane","2025","Zenodo (CERN European Organization for Nuclear Research)","10.5281/zenodo.17917984","https://openalex.org/W7115059574","String 1","EXCLUDE","EC4 - Unit testing, not REST API","",""
"48","A Blueprint for AI-Driven Software Quality: Integrating LLMs with Established Standards","Avinash Patil","2025","ArXiv.org","10.48550/arxiv.2505.13766","https://openalex.org/W4415019143","String 1, String 2","EXCLUDE","EC4 - SQA framework","",""
"49","Semantic Constraint Inference for Web Form Test Generation","Parsa Alian | Noor Nashid | Mobina Shahbandeh | Ali Mesbah","2024","arXiv (Cornell University)","10.48550/arxiv.2402.00950","https://openalex.org/W4391555552","String 1","EXCLUDE","EC4 - No REST API testing context","",""
"50","Chat-like Asserts Prediction with the Support of Large Language Model","Han Wang | Hanping Hu | Chunyang Chen | Burak Turhan","2024","arXiv (Cornell University)","10.48550/arxiv.2407.21429","https://openalex.org/W4401306610","String 1","EXCLUDE","EC4 - No REST API testing context","",""
"51","Carolinesnt/ai_agent_starter: AI Agent-based BAC Testing Framework - Initial Release v1.0.0","CarolineSusanto | Caroline S","2026","Zenodo (CERN European Organization for Nuclear Research)","10.5281/zenodo.18524562","https://openalex.org/W7128312288","String 1","INCLUDE","IC1, IC2, IC3, IC4, IC5","Include","IC3, IC4, IC5 - Relevant"
"52","A Comprehensive Study on Large Language Models for Mutation Testing","Bo Wang | Mingda Chen | Deng, Ming | Youfang Lin | Harman, Mark | Mike Papadakis | Jie M. Zhang","2024","arXiv (Cornell University)","10.48550/arxiv.2406.09843","https://openalex.org/W4399759095","String 1","EXCLUDE","EC4 - No REST API testing context","",""
"53","Mind the Gap: What Working With Developers on Fuzz Tests Taught Us About Coverage Gaps","Carolin Brandt | Marco Castelluccio | Christian Holler | Jason Kratzer | Andy Zaidman | Alberto Bacchelli","2024","","10.1145/3639477.3639721","https://openalex.org/W4399213317","String 1","EXCLUDE","EC4 - No REST API testing context","",""
"54","Vibe Coding vs. Agentic Coding: Fundamentals and Practical Implications of Agentic AI","Ranjan Sapkota | Konstantinos I. Roumeliotis | Manoj Karkee","2025","ArXiv.org","10.48550/arxiv.2505.19443","https://openalex.org/W4414586252","String 1","EXCLUDE","EC4 - Vibe coding review","",""
"55","A Survey of Protocol Fuzzing","Xiaohan Zhang | Cen Zhang | Xinghua Li | Zhengjie Du | Bing Mao | Yuekang Li | Yaowen Zheng | Yeting Li | Pan, Li | Yang Liu | Robert H. Deng","2024","arXiv (Cornell University)","10.48550/arxiv.2401.01568","https://openalex.org/W4390632111","String 1","EXCLUDE","EC4 - General survey, not REST API focused","",""
"56","A Multi-Year Grey Literature Review on AI-assisted Test Automation","Filippo Ricca | Alessandro Marchetto | Andrea Stocco","2024","arXiv (Cornell University)","10.48550/arxiv.2408.06224","https://openalex.org/W4402387411","String 1","EXCLUDE","EC4 - General survey, not REST API focused","",""
"57","Integrating AI Tools Into the Continuous Testing Process.","Software Developer Engineer in Test Penn Interactive Miami, USA | Vladyslav Korol","2025","The American Journal of Engineering And Technology","10.37547/tajet/volume07issue06-23","https://openalex.org/W4411857169","String 1","EXCLUDE","EC4 - No REST API testing context","",""
"58","Beyond Accuracy: An Empirical Study on Unit Testing in Open-source Deep Learning Projects","Han Wang | Sijia Yu | Chunyang Chen | Burak Turhan | Xiaodong Zhu","2023","ACM Transactions on Software Engineering and Methodology","10.1145/3638245","https://openalex.org/W4390002420","String 1","EXCLUDE","EC4 - Unit testing, not REST API","",""
"59","Software testing for peer-to-peer systems: Challenges and the state-of-the-art","Bruno E. R. Garcia | Simone R. S. Souza","2025","Journal of Software Engineering Research and Development","10.5753/jserd.2025.4917","https://openalex.org/W4408055893","String 1","EXCLUDE","EC4 - No REST API testing context","",""
"60","Speed at the Cost of Quality: How Cursor AI Increases Short-Term Velocity and Long-Term Complexity in Open-Source Projects","Hao He | Courtney Miller | Agarwal, Shyam | Christian Kästner | Bogdan Vasilescu","2025","arXiv (Cornell University)","10.48550/arxiv.2511.04427","https://openalex.org/W4416026021","String 1","EXCLUDE","EC4 - No REST API testing context","",""
"61","Property-Based Testing for Cybersecurity: Towards Automated Validation of Security Protocols","Manuel J. C. S. Reis","2025","Computers","10.3390/computers14050179","https://openalex.org/W4410118952","String 1","EXCLUDE","EC4 - No REST API testing context","",""
"62","Search-Based Software Engineering","Paolo Arcaini | Tao Yue | Erik M. Fredericks","2023","Lecture notes in computer science","10.1007/978-3-031-48796-5","https://openalex.org/W4389285848","String 1","EXCLUDE","EC4 - No REST API testing context","",""
"63","A Comprehensive Evaluation of Parameter-Efficient Fine-Tuning on Code Smell Detection","Beiqi Zhang | Peng Liang | Xin Zhou | Xiyu Zhou | David Lo | Qiong Feng | Zengyang Li | Lin Li","2024","ArXiv.org","10.48550/arxiv.2412.13801","https://openalex.org/W4405626655","String 1","EXCLUDE","EC4 - No REST API testing context","",""
"64","Automated Test Case Generation for Software APIs Using Reinforcement Learning","Nan Wang","2025","NORMA","","https://openalex.org/W7148200136","String 1","EXCLUDE","EC4 - No REST API testing context","",""
"65","REST API Fuzzing Using API Dependencies and Large Language Models","Chien-Hung Liu | Shu-Ling Chen | K. C. Li","2026","","10.3390/engproc2025120042","https://openalex.org/W7127569313","String 1","INCLUDE","IC1, IC2, IC3, IC4, IC5","Include","IC3, IC4, IC5 - Relevant"
"66","Multi-Agent LLM-based Metamorphic Testing for REST APIs","Shehroz Khan | Abdullah Mughees | Gaadha Sudheerbabu | Tanwir Ahmad | Dragoş Truşcan","2026","ArXiv.org","","https://openalex.org/W7162817974","String 1, String 2","INCLUDE","IC1, IC2, IC3, IC4, IC5","Include","IC3, IC4, IC5 - Verified relevant"
"67","LRASGen: LLM-based RESTful API Specification Generation","Sida Deng | Rubing Huang | Man Zhang | Chenhui Cui | Dave Towey | Rongcun Wang","2026","ACM Transactions on Software Engineering and Methodology","10.1145/3810241","https://openalex.org/W4415067287","String 1","INCLUDE","IC1, IC2, IC3, IC4, IC5","Include","IC3, IC4, IC5 - Relevant"
"68","Leveraging Artificial Intelligence for Efficient Test Generation in API Contract Testing","Alex Thomas Thomas | Santhalakshmi Selvaraj","2025","International Journal of Research and Review","10.52403/ijrr.20250665","https://openalex.org/W4411902413","String 1","EXCLUDE","EC4 - No REST API testing context","",""
"69","Leveraging Large Language Models to Improve REST API Testing","Myeong‐Soo Kim | Tyler Stennett | Dhruv Shah | Saurabh Sinha | Alessandro Orso","2023","arXiv (Cornell University)","10.48550/arxiv.2312.00894","https://openalex.org/W4389362580","String 1","INCLUDE","IC1, IC2, IC3, IC4, IC5","Include","IC3, IC4, IC5 - Relevant"
"70","An Intelligent Agent for Automated Test Generation from OpenAPI Specifications","Ricardo F. Vilela | Stevão Alves de Andrade | Eduardo B. F. Santos | Williamson Silva | Pedro Henrique Dias Valle","2025","","10.5753/wbots.2025.15217","https://openalex.org/W4414939948","String 1","INCLUDE","IC1, IC2, IC3, IC4, IC5","Include","IC3, IC4, IC5 - Relevant"
"71","Adaptive REST API Testing with Reinforcement Learning","Myeong‐Soo Kim | Saurabh Sinha | Alessandro Orso","2023","arXiv (Cornell University)","10.48550/arxiv.2309.04583","https://openalex.org/W4386644364","String 1","EXCLUDE","IC4 - No LLM involvement","",""
"72","Utilizing API Response for Test Refinement","Devika Sondhi | Ananya Sharma | Diptikalyan Saha","2025","ArXiv.org","10.48550/arxiv.2501.18145","https://openalex.org/W4407019460","String 1","EXCLUDE","IC4 - No LLM involvement","",""
"73","Detecting and Mitigating Flakiness in REST API Fuzzing","Man Zhang | Chongyang Shen | Andrea Arcuri | Tao Yue","2026","arXiv (Cornell University)","","https://openalex.org/W7148177706","String 1, String 2","EXCLUDE","EC5 - Test flakiness","",""
"74","Log-based, Business-aware REST API Testing","Ding Yang | Ruixiang Qian | Zhao Wei | Zhenyu Chen | Chunrong Fang","2026","arXiv (Cornell University)","","https://openalex.org/W7153671616","String 1, String 2","Unsure","IC4 borderline","Include","IC3, IC4, IC5 - Verified relevant"
"75","OASQuali: Automated Quality Analysis of OpenAPI Specifications","Alix; id_orcid 0009-0007-2641-5983 Decrop | Mikel; id_orcid 0009-0002-0858-471X Vandeloise | Patrick Heymans | Gilles Perrouin","2026","Repository of the University of Namur","","https://openalex.org/W7149874777","String 1","EXCLUDE","IC4 - No LLM involvement","",""
"76","Systematic Literature Review: RESTful API Testing Using Machine Learning Techniques","Bill A. Otieno | Eric Araka","2026","Journal of the Kenya National Commission for UNESCO","10.62049/jkncu.v5i1.449","https://openalex.org/W7128821404","String 1","EXCLUDE","IC5 - Survey/review without empirical","",""
"77","APITestGenie: Generating Web API Tests from Requirements and API Specifications with LLMs","André F. G. Pereira | Bruno Lima | João Pascoal Faria","2026","ArXiv.org","10.1145/3793654.3793743","https://openalex.org/W7149477065","String 1, String 2","INCLUDE","IC1, IC2, IC3, IC4, IC5","Include","IC3, IC4, IC5 - Verified relevant"
"78","REST API Testing in DevOps: A Study on an Evolving Healthcare IoT Application","Hassan Sartaj | Shaukat Ali | Julie Marie Gjøby","2024","arXiv (Cornell University)","10.48550/arxiv.2410.12547","https://openalex.org/W4403578325","String 1, String 2","Unsure","IC4 borderline","Exclude","IC4 - LLM not actually used for REST API testing"
"79","Fuzzing REST APIs in Industry: Necessary Features and Open Problems","Andrea Arcuri | Alexander Poth | Olsi Rrjolli | Philip Garrett | Juan P. Galeotti","2026","ArXiv.org","","https://openalex.org/W7149873978","String 1, String 2","Unsure","IC4 borderline","Exclude","IC4 - LLM not actually used for REST API testing"
"80","Generating REST API Tests With Descriptive Names","Philip Garrett | Juan Pablo Galeotti | Andrea Arcuri | Alexander Poth | Olsi Rrjolli","2025","ArXiv.org","10.48550/arxiv.2512.01690","https://openalex.org/W4416966469","String 1, String 2","INCLUDE","IC1, IC2, IC3, IC4, IC5","Include","IC3, IC4, IC5 - Verified relevant"
"81","Combining TSL and LLM to Automate REST API Testing: A Comparative Study","Thiago Barradas | Aline Paes | Vânia de Oliveira Neves","2025","","10.5753/sbes.2025.9670","https://openalex.org/W4414995224","String 1, String 2","INCLUDE","IC1, IC2, IC3, IC4, IC5","Include","IC3, IC4, IC5 - Verified relevant"
"82","RBCTest: Leveraging LLMs to Mine and Verify Oracles of API Response Bodies for RESTful API Testing","Hieu Huynh | Minh-Tri Le | Vu Nguyen | Nguyen, Viet | Nguyen, Vu | Nguyen, Tien N.","2025","arXiv (Cornell University)","10.48550/arxiv.2504.17287","https://openalex.org/W4415307209","String 1","INCLUDE","IC1, IC2, IC3, IC4, IC5","Include","IC3, IC4, IC5 - Relevant"
"83","AUTOMATED WEB APPLICATION TESTING BASED ON ARTIFICIAL INTELLIGENCE","Olga DARII | Maria Beldiga | Tudor Bragaru","2026","Journal of Engineering Science","10.52326/jes.utm.2025.32(4).04","https://openalex.org/W7133634920","String 1, String 2","EXCLUDE","EC4 - SQA general","",""
"84","Efficient Fuzzing of Web APIs in Embedded Environments","Karl Alemo | Fredrik Orheim","2026","Lund University Publications Student Papers (Lund University)","","https://openalex.org/W7159905200","String 1, String 2","Unsure","IC4 borderline","Exclude","IC4 - LLM not actually used for REST API testing"
"85","AutoRestTest: A Tool for Automated REST API Testing Using LLMs and MARL","Tyler Stennett | Myeongsoo Kim | Saurabh Sinha | Alessandro Orso","2025","ArXiv.org","10.48550/arxiv.2501.08600","https://openalex.org/W4406483037","String 1, String 2","INCLUDE","IC1, IC2, IC3, IC4, IC5","Include","IC3, IC4, IC5 - Verified relevant"
"86","SmartAPIForge: A No-Code Platform for Automated REST API Generation from Natural Language","Divya R | S Kavidarshini | Santhosh P | Shashank S","2025","IJARCCE","10.17148/ijarcce.2025.141262","https://openalex.org/W7115013374","String 1","INCLUDE","IC1, IC2, IC3, IC4, IC5","Include","IC3, IC4, IC5 - Relevant"
"87","From Requirements to Executable Tests: LLM-Based System Test Generation for REST APIs","Jaroslav Kochanovskis | Asta Slotkienė","2026","Vilnius University Open Series","10.15388/lmitt.2026.13","https://openalex.org/W7160830405","String 1","INCLUDE","IC1, IC2, IC3, IC4, IC5","Include","IC3, IC4, IC5 - Relevant"
"88","Testing Medical Rules Web Services in Practice","Christoph Laaber | Shaukat Ali | Thomas Schwitalla | Jan F. Nygård","2024","arXiv (Cornell University)","10.48550/arxiv.2412.11731","https://openalex.org/W4405470327","String 1, String 2","EXCLUDE","EC4 - No REST API testing context","",""
"89","BOSQTGEN: Breaking the Sound Barrier in Test Generation","Shaik Mohammed Asif | James L. Chen | Earl T. Barr | Marron, Mark","2025","ArXiv.org","10.48550/arxiv.2510.19777","https://openalex.org/W4416248597","String 1","INCLUDE","IC1, IC2, IC3, IC4, IC5","Include","IC3, IC4, IC5 - Relevant"
"90","Enhancing REST API Fuzzing with Access Policy Violation Checks and Injection Attacks","Ömür Şahin | Man Zhang | Andrea Arcuri","2026","ArXiv.org","","https://openalex.org/W7149210516","String 1","Unsure","IC4 borderline","Exclude","IC4 - LLM not actually used for REST API testing"
"91","AI-Powered Contract Testing in Microservices: Leveraging OpenAPI, GraphQL, and LSTM-Based Predictive Analysis","Akhil Reddy Bairi | Prabhu Muthusamy | Praveen Kumar Dora Mallareddi","2024","Journal of Artificial Intelligence General science (JAIGS) ISSN 3006-4023","10.60087/jaigs.v3i1.339","https://openalex.org/W4408682707","String 1","EXCLUDE","IC4 - No LLM involvement","",""
"92","Understanding the Issues, Their Causes and Solutions in Microservices Systems: An Empirical Study","Muhammad Waseem | Peng Liang | Aakash Ahmad | Arif Ali Khan | Mojtaba Shahin | Pekka Abrahamsson | Ali Rezaei Nasab | Tommi Mikkonen","2023","ArXiv.org","10.48550/arxiv.2302.01894","https://openalex.org/W4319323816","String 1","EXCLUDE","EC4 - No REST API testing context","",""
"93","The Perfection Paradox: From Architect to Curator in AI-Assisted API Design","Mak Ahmad | Andrew Macvean | JJ Geewax | David R. Karger","2026","","10.1145/3772363.3798429","https://openalex.org/W7138088007","String 1","EXCLUDE","EC4 - No REST API testing context","",""
"94","APISENSOR: Robust Discovery of Web API from Runtime Traffic Logs","Yaru Yang | Chenxing Zhong | Ke Han | Zeru Cheng | Jinwei Xu | Xin Zhou | He Zhang | Bohan Liu","2026","ArXiv.org","","https://openalex.org/W7141772290","String 1","EXCLUDE","EC4 - No REST API testing context","",""
"95","AUTOMATED GENERATION OF SOFTWARE TEST CASES BY MEANS OF LARGE LANGUAGE MODELS USING PROMPT ENGINEERING","Євген Анатолійович Чичкарьов | Олександр Віталійович Семенов","2025","Telecommunication and information technologies","10.31673/2412-4338.2025.048914","https://openalex.org/W7128587243","String 1","EXCLUDE","EC4 - No REST API testing context","",""
"96","Fuzzing Microservices in Face of Intrinsic Uncertainties","Man Zhang | Tao Yue | Andrea Arcuri","2026","arXiv (Cornell University)","","https://openalex.org/W7133570698","String 1","EXCLUDE","EC4 - No REST API testing context","",""
"97","AutoBaxBuilder: Bootstrapping Code Security Benchmarking","Tobias Von Arx | Niels Mündler | Mark Vero | Maximilian Baader | Martin Vechev","2025","ArXiv.org","","https://openalex.org/W7117339841","String 1","EXCLUDE","EC4 - No REST API testing context","",""
"98","APIRL: Deep Reinforcement Learning for REST API Fuzzing","Myles Foley | Sergio Maffeis","2024","arXiv (Cornell University)","10.48550/arxiv.2412.15991","https://openalex.org/W4405715663","String 1","EXCLUDE","IC4 - No LLM involvement","",""
"99","API ECOSYSTEMS IN THE AGE OF ARTIFICIAL INTELLIGENCE","Félix Témolé | Desislava Atanasova","2026","Veredas do Direito Direito Ambiental e Desenvolvimento Sustentável","10.18623/rvd.v23.n4.4344","https://openalex.org/W7128167420","String 1","EXCLUDE","EC4 - No REST API testing context","",""
"100","Reusing Convolutional Neural Network Models through Modularization and Composition","Binhang Qi | Hailong Sun | Hongyu Zhang | Xiang Gao","2023","arXiv (Cornell University)","10.48550/arxiv.2311.04438","https://openalex.org/W4388555457","String 1","EXCLUDE","EC4 - No REST API testing context","",""
"101","MioHint: LLM-assisted Mutation for Whitebox API Testing","Jia Li | Jiacheng Shen | Yuxin Su | Michael R. Lyu","2025","ArXiv.org","10.48550/arxiv.2504.05738","https://openalex.org/W4416529436","String 1","INCLUDE","IC1, IC2, IC3, IC4, IC5","Include","IC3, IC4, IC5 - Relevant"
"102","SWE-Next: Scalable Real-World Software Engineering Tasks for Agents","Jiarong Liang | Zhiheng Lyu | Zijie Liu | Chen, Xiangchao | Ping Nie | Kai Zou | Wenhu Chen","2026","arXiv (Cornell University)","","https://openalex.org/W7140347503","String 1","EXCLUDE","EC4 - No REST API testing context","",""
"103","Search-Based Software Engineering and AI Foundation Models: Current Landscape and Future Roadmap","Hassan Sartaj | Shaukat Ali | Paolo Arcaini | Andrea Arcuri","2025","ArXiv.org","10.48550/arxiv.2505.19625","https://openalex.org/W4414812705","String 1, String 2","EXCLUDE","EC4 - No REST API testing context","",""
"104","Engineering Prompt-Orchestrated LLM Workflows for Automated Test Case Generation in Agile Environments","Almeyda Alania Fredy Antonio | Barrientos Padilla Alfredo | Siancas Garay Ronald Gustavo","2025","International Journal of Advanced Computer Science and Applications","10.14569/ijacsa.2025.0161272","https://openalex.org/W7118019114","String 1","EXCLUDE","EC4 - No REST API testing context","",""
"105","RESTifAI: LLM-Based Workflow for Reusable REST API Testing","Kogler, Leon | Ehrhart, Maximilian | Dornauer, Benedikt | Enoiu, Eduard Paul","2025","ArXiv.org","","https://openalex.org/W7114820659","String 1, String 2","INCLUDE","IC1, IC2, IC3, IC4, IC5","Include","IC3, IC4, IC5 - Verified relevant"
"106","LLM-pohjaiset agentit ohjelmistotestauksessa : systemaattinen kartoitustutkimus","Tyynelä, Jaakko","2025","LUTPub (LUT University)","","https://openalex.org/W7115032476","String 1, String 2","EXCLUDE","EC4 - No REST API testing context","",""
"107","Real-World Fault Detection for C-Extended Python Projects with Automated Unit Test Generation","Lucas Arantes Berg | Lukas Krodinger | Stephan Lukasczyk | Annibale Panichella | Gordon Fraser | Wim Vanhoof | Xavier Devroey","2026","arXiv (Cornell University)","","https://openalex.org/W7134291504","String 1, String 2","EXCLUDE","EC4 - Unit testing, not REST API","",""
"108","Automated Specification-Based Test Generation for Web Clients and RESTful APIs Using Symbolic Execution","M. Hegde | Ayush Lakhani - | Dr I Bremnavas -","2025","International Journal on Science and Technology","10.71097/ijsat.v16.i2.4540","https://openalex.org/W4410206679","String 1","EXCLUDE","IC4 - No LLM involvement","",""
"109","Breaking Changes in Software Ecosystems: A Systematic Literature Review","Juntao Chen | Tingting Bi | Yanlin Wang | Patanamon Thongtanunam","2026","arXiv (Cornell University)","","https://openalex.org/W7162607113","String 1","EXCLUDE","EC4 - No REST API testing context","",""
"110","PostBot: An AI-Augmented Workflow Assistant for Postman Enabling Intelligent and No-Code API Testing Automation","Sheela Dubey","2025","International Journal for Research in Applied Science and Engineering Technology","10.22214/ijraset.2025.73685","https://openalex.org/W4414044881","String 1","EXCLUDE","EC4 - No REST API testing context","",""
"111","Autonomous AI Agents for Software Development: A Framework for Intelligent Code Generation and Maintenance","Vamsi Thatikonda","2026","Journal of Artificial Intelligence and Technological Development","10.59324/jaitd.2026.2(2).16","https://openalex.org/W7154586999","String 1","EXCLUDE","EC4 - Code generation","",""
"112","GenAI-Powered Test Case Generation for Microservices in CI/CD Pipelines","Mohan Siva Krishna Konakanchi","2020","International Journal of Emerging Research in Engineering and Technology","10.63282/3050-922x.ijeret-v1i1p111","https://openalex.org/W4416165159","String 1","EXCLUDE","IC4 - No LLM involvement","",""
"113","LLM-Assisted Test Automation: A Cognitive Software Testing Framework Using Generative AI","Cagri Temel","2025","","10.36227/techrxiv.176315879.96821044/v1","https://openalex.org/W4416220608","String 1","EXCLUDE","EC4 - No REST API testing context","",""
"114","Leveraging Large Language Models in the Software Development Lifecycle: Opportunities and Challenges","Jasdeep Singh Bhalla | Mansimar Kaur Jodhka","2025","International Journal of Advanced Computer Science and Applications","10.14569/ijacsa.2025.0161105","https://openalex.org/W4416895373","String 1","EXCLUDE","EC4 - No REST API testing context","",""
"115","Software defect detection using large language models: a literature review","Yu Chen | Yi Shen | Taiyan Wang | ShiWen Ou | Ruipeng Wang | Yuwei Li | Zulie Pan","2026","Frontiers of Computer Science","10.1007/s11704-025-40672-2","https://openalex.org/W7160856266","String 1","EXCLUDE","EC4 - General survey, not REST API focused","",""
"116","Generalizing Test Cases for Comprehensive Test Scenario Coverage","Binhang Qi | Yun Lin | Xinyi Weng | Chenyan Liu | Hailong Sun | Gordon Fraser | Jin Song Dong","2026","ArXiv.org","","https://openalex.org/W7155654313","String 1, String 2","EXCLUDE","EC4 - No REST API testing context","",""
"117","When Specifications Meet Reality: Uncovering API Inconsistencies in Ethereum Infrastructure","Jie Ma | Ningyu He | Jinwen Xi | Mingzhe Xing | Liangxin Liu | Jiushenzi Luo | Xiaopeng Fu | Chiachih Wu | Haoyu Wang | Ying Gao | Yinliang Yue","2026","Proceedings of the ACM on Programming Languages","10.1145/3798219","https://openalex.org/W7134280158","String 1, String 2","EXCLUDE","EC4 - Blockchain","",""
"118","FeedbackLLM: Metadata driven Multi-Agentic Language Agnostic Test Case Generator with Evolving prompt and Coverage Feedback","Kushal Jasti | Tejamani Prashanth Sahu | Rishitha Pentyala | Muvvala Mohit | Vivek Yelleti","2026","ArXiv.org","","https://openalex.org/W7160457778","String 1","EXCLUDE","EC4 - No REST API testing context","",""
"119","LLM-Based Robustness Testing of Microservice Applications: An Empirical Study","Hrushitha Goud Tigulla | Marco Vieira","2026","ArXiv.org","","https://openalex.org/W7161452654","String 1","EXCLUDE","EC4 - No REST API testing context","",""
"120","Evaluasi Teknik Prompting pada Large Language Model untuk Otomatisasi Penyusunan Skenario Unit Testing Smart Contract","Salman El Farisi | Fahlia Athiyya Marva","2026","JTIM Jurnal Teknologi Informasi dan Multimedia","10.35746/jtim.v8i1.912","https://openalex.org/W7125398681","String 1","EXCLUDE","EC4 - Unit testing, not REST API","",""
"121","PPO guided Agentic Pipeline for Adaptive Prompt Selection and Test Case Generation","Gourisetty Venkata Sai Koushik | Dama Aditya | Mahankali Harish Sai | Peddi Siddarhta | Shadab Ahmad | Vivek Yelleti","2026","ArXiv.org","","https://openalex.org/W7160457918","String 1","EXCLUDE","EC4 - No REST API testing context","",""
"122","Augmenting unit test suites from integration tests","Katerina Paltoglou | Vassilis E. Zafeiris","2026","ArXiv.org","","https://openalex.org/W7155245627","String 1, String 2","EXCLUDE","EC4 - Unit testing, not REST API","",""
"123","From Exploration to Specification: LLM-Based Property Generation for Mobile App Testing","Yiheng Xiong | Shiwen Song | Bo Ma | Ting Su | Xiaofei Xie","2026","ArXiv.org","","https://openalex.org/W7154789385","String 1","EXCLUDE","EC4 - No REST API testing context","",""
"124","Multi-Level Testing of Conversational AI Systems","Elena Masserini","2026","ArXiv.org","10.1145/3774748.3787627","https://openalex.org/W7127602841","String 1","EXCLUDE","EC4 - No REST API testing context","",""
"125","Development of Systems for Automated Software Testing Based on the Application of Large Language Models for Generating Unit Tests","Вахлов, Д. Г. | Vakhlov, V. G.","2025","Electronic Archive of Ural Federal University (ELAR UrFU)","","https://openalex.org/W7116217580","String 1","EXCLUDE","EC4 - Unit testing, not REST API","",""
"126","Kvantisoitu LLM-pohjainen kehys automatisoidulle ohjelmistotestaukselle","Rashed Ahmed","2026","LUTPub (LUT University)","","https://openalex.org/W7159748837","String 1, String 2","EXCLUDE","EC4 - No REST API testing context","",""
"127","Navigating the growing field of research on AI for software testing -- the taxonomy for AI-augmented software testing and an ontology-driven literature survey","Ina Schieferdecker","2025","ArXiv.org","10.48550/arxiv.2506.14640","https://openalex.org/W4415312621","String 1","EXCLUDE","EC4 - General survey, not REST API focused","",""
"128","Design and implementation of a full stack automated software testing platform based on large language models","Run Zhang","2026","LUTPub (LUT University)","","https://openalex.org/W7162840881","String 1, String 2","EXCLUDE","EC4 - No REST API testing context","",""
"129","AI-DRIVEN TEST ENGINEERING FOR CLOUD-NATIVE SYSTEMS","Mr. Jay Bharat Mehta","2026","International Journal of Data Science and IoT Management System","10.64751/ijdim.2026.v5i1.297","https://openalex.org/W7127956922","String 1","EXCLUDE","EC4 - No REST API testing context","",""
"130","IGTG&amp;R: An Intent Analysis-Guided Unit Test Generation and Refinement Framework","Xiaojian Liu | Yangyang Zhang","2026","Entropy","10.3390/e28010074","https://openalex.org/W7119470118","String 1","EXCLUDE","EC4 - Unit testing, not REST API","",""
"131","Do Autonomous Agents Contribute Test Code? A Study of Tests in Agentic Pull Requests","Sabrina Haque | Sarvesh Ingale | Christoph Csallner","2026","ArXiv.org","","https://openalex.org/W7119557484","String 1","EXCLUDE","EC4 - No REST API testing context","",""
"132","Large Language Model (LLM)-Based Automation for Software Test Script Generation","Srikanth Kavuri","2022","Computer Fraud & Security","10.52710/cfs.836","https://openalex.org/W7115713359","String 1","EXCLUDE","EC4 - No REST API testing context","",""
"133","MIRAGE: Online LLM Simulation for Microservice Dependency Testing","XinRan Zhang","2026","arXiv (Cornell University)","","https://openalex.org/W7152933536","String 1","EXCLUDE","EC4 - No REST API testing context","",""
"134","The GitHub Recent Bugs Dataset for Evaluating LLM-based Debugging Applications","Jae Yong Lee | Sungmin Kang | Juyeon Yoon | Shin Yoo","2023","arXiv (Cornell University)","10.48550/arxiv.2310.13229","https://openalex.org/W4387891440","String 1","EXCLUDE","EC4 - No REST API testing context","",""
"135","Importance of Structured Prompt Engineering to Generate Effective Test Cases","Nagmani Lnu","2025","International Journal of Computer Science and Engineering","10.14445/23488387/ijcse-v12i8p104","https://openalex.org/W4414254107","String 1","EXCLUDE","EC4 - No REST API testing context","",""
"136","DiffSpec: Differential Testing with LLMs using Natural Language Specifications and Code Artifacts","Nikitha Rao | Elizabeth Gilbert | Green, Harrison | Tahina Ramananandro | Nikhil Swamy | Claire Le Goues | Sarah Fakhoury","2024","arXiv (Cornell University)","10.48550/arxiv.2410.04249","https://openalex.org/W4403322587","String 1","EXCLUDE","EC4 - No REST API testing context","",""
"137","A Case for Learned Cloud Emulators","Archit Bhatnagar | Yiming Qiu | Sarah McClure | Sylvia Ratnasamy | Ang Chen","2025","","10.1145/3772356.3772404","https://openalex.org/W4416297989","String 1, String 2","EXCLUDE","EC4 - Cloud emulators","",""
"138","MR-Coupler: Automated Metamorphic Test Generation via Functional Coupling Analysis","Congying Xu | Hengcheng Zhu | Songqiang Chen | Jiarong Wu | Valerio Terragni | Shing-Chi Cheung","2026","ArXiv.org","10.1145/3808213","https://openalex.org/W7154477957","String 1","EXCLUDE","EC4 - No REST API testing context","",""
"139","Comparing LLMs for Web-Based Software Testing","Javeria Tariq","2026","Doria (University of Helsinki)","","https://openalex.org/W7159550102","String 1","EXCLUDE","EC4 - No REST API testing context","",""
"140","Personas for Model-based Testing","Bogdan Budihală | Judith Michael | Bernhard Rumpe⋆","2025","University of Regensburg Publication Server (University of Regensburg)","10.5283/epub.78366","https://openalex.org/W7116896579","String 1","EXCLUDE","EC4 - No REST API testing context","",""
"141","Enhancing LLM-Based Bug Reproduction for Android Apps via Pre-Assessment of Visual Effects","Xiangyang Xiao | Huaxun Huang | Rongxin Wu","2026","arXiv (Cornell University)","","https://openalex.org/W7148178890","String 1","EXCLUDE","EC4 - GUI/mobile testing","",""
"142","CAT-LM: Training Language Models on Aligned Code And Tests","Nikitha Rao | Kush Jain | Uri Alon | Claire Le Goues | Vincent J. Hellendoorn","2023","arXiv (Cornell University)","10.48550/arxiv.2310.01602","https://openalex.org/W4387355663","String 1","EXCLUDE","EC4 - No REST API testing context","",""
"143","Metamorphic Relation Automation: State of the Art in Detection, Selection, and Generation Over Two Decades","Zhiwei Li | Tingting Wu | Dongming Xiang | Mingyue Jiang | Jialing Huang | Zuohua Ding | Yunwei Dong","2025","","10.22541/au.175872613.39541241/v1","https://openalex.org/W4414457733","String 1, String 2","EXCLUDE","EC4 - Metamorphic testing general","",""
"144","Leveraging large language models for automated end-to-end testing : an empirical analysis of automated testing tools through experiments","Simon Ihegbu","2026","LUTPub (LUT University)","","https://openalex.org/W7132057231","String 1","EXCLUDE","EC4 - No REST API testing context","",""
"145","Call-Chain-Aware LLM-Based Test Generation for Java Projects","Guancheng Wang | Qinghua Xu | Lionel C. Briand | Zhaoqiang Guo | Kui Liu","2026","ArXiv.org","","https://openalex.org/W7157506607","String 1","EXCLUDE","EC4 - No REST API testing context","",""
"146","Method-level Change-proneness: A Better Metric for Black-box Test Suite Minimization","Md Siam | Kazi Sakib","2026","ArXiv.org","","https://openalex.org/W7161654981","String 1","EXCLUDE","EC4 - No REST API testing context","",""
"147","The Impact of Modern AI on Software Development: A Systematic Literature Review","Meryem Bensaid | Marouane Achbari | Younesse Ouahbi | Soumia Ziti","2026","International Journal of Advanced Computer Science and Applications","10.14569/ijacsa.2026.0170478","https://openalex.org/W7160265065","String 1","EXCLUDE","EC4 - General survey, not REST API focused","",""
"148","PRISM: Prompt Reliability via Iterative Simulation and Monitoring for Enterprise Conversational AI","Keshava Chaitanya | Jahnavi Gundakaram","2026","ArXiv.org","","https://openalex.org/W7161654875","String 1","EXCLUDE","EC4 - No REST API testing context","",""
"149","AI-Augmented Test Automation: Enhancing Test Execution with Generative AI and GPT-4 Turbo","Akhil Reddy Bairi | S. Gahlot | Ravi Kumar Kota","2024","Journal of Artificial Intelligence General science (JAIGS) ISSN 3006-4023","10.60087/jaigs.v2i1.338","https://openalex.org/W4408666223","String 1","EXCLUDE","EC4 - No REST API testing context","",""
"150","A Real-World Benchmark for Evaluating Fine-Grained Issue Solving Capabilities of Large Language Models","Ruida Hu | Chao Peng | Jingyi Ren | Bo Jiang | Xiangxin Meng | Qinyun Wu | Pengfei Gao | Xinchen Wang | Cuiyun Gao","2024","arXiv (Cornell University)","10.48550/arxiv.2411.18019","https://openalex.org/W4404990627","String 1","EXCLUDE","EC4 - No REST API testing context","",""
"151","Proceedings of 16-th International Scientific and Technical Conference « Current Directions in the Development of Information and Communication Technologies and Control Tools »","","2026","","10.32620/ict.26.t2","https://openalex.org/W7155701738","String 1","EXCLUDE","EC4 - No REST API testing context","",""
"152","Software Testing at the Network Layer: Automated HTTP API Quality Assessment and Security Analysis of Production Web Applications","Ali Hassaan Mughal | Muhammad Bilal | Noor Fatima","2026","ArXiv.org","","https://openalex.org/W7128555370","String 1","EXCLUDE","EC4 - No REST API testing context","",""
"153","From Natural Language to Executable Properties for Property-based Testing of Mobile Apps","Yiheng Xiong | Ting Su | Jingling Sun | Jue Wang | Qin Li | Geguang Pu | Zhendong Su","2026","ArXiv.org","","https://openalex.org/W7140346768","String 1","EXCLUDE","EC4 - No REST API testing context","",""
"154","Generative transformations and patterns in LLM-native approaches for software verification and falsification","Vı́ctor Braberman | Flavia Bonomo | Yiannis Charalambous | Juan G. Colonna | Lucas C. Cordeiro | Rosiane de Freitas","2024","arXiv (Cornell University)","10.48550/arxiv.2404.09384","https://openalex.org/W4394866494","String 1","EXCLUDE","EC4 - No REST API testing context","",""
"155","THE ROLE OF GENERATIVE ARTIFICIAL INTELLIGENCE IN PROGRAMMER TRAINING: OPPORTUNITIES AND CHALLENGES","Stanka Hadzhikoleva | Todor Rachovski | Emil Hadzhikolev | Ivan E. Ivanov","2025","Environment Technology Resources Proceedings of the International Scientific and Practical Conference","10.17770/etr2025vol2.8608","https://openalex.org/W4411160103","String 1","EXCLUDE","EC4 - No REST API testing context","",""
"156","VISCA: Inferring Component Abstractions for Automated End-to-End Testing","Parsa Alian | Tang, Martin | Ali Mesbah","2025","ArXiv.org","10.48550/arxiv.2506.04161","https://openalex.org/W4416075242","String 1","EXCLUDE","EC4 - No REST API testing context","",""
"157","AdaptEval: A Benchmark for Evaluating Large Language Models on Code Snippet Adaptation","Tanghaoran Zhang | Mao, Xinjun | Shangwen Wang | Yuxin Zhao | Yao Lu | Jin Zhang | Zhang Zhang | Kang Yang | Yue Yu","2026","ArXiv.org","","https://openalex.org/W7120272606","String 1","EXCLUDE","EC4 - No REST API testing context","",""
"158","AgentRaft: Automated Detection of Data Over-Exposure in LLM Agents","Yixi Lin | Jiangrong Wu | Yuhong Nan | Xueqiang Wang | Xinyuan Zhang | Zibin Zheng","2026","ArXiv.org","","https://openalex.org/W7134861043","String 1","EXCLUDE","EC4 - No REST API testing context","",""
"159","Automated and Effective Metamorphic Testing: Relation Discovery, Deduction, and Generation","Congying Xu","2026","Rare & Special e-Zone (The Hong Kong University of Science and Technology)","10.14711/thesis-hdl171496","https://openalex.org/W7161162483","String 1","EXCLUDE","EC4 - No REST API testing context","",""
"160","Autonomous LLM Based Framework for End-To-End Software Vulnerability Detection and Verification","S. Priyanka","2026","International Journal for Research in Applied Science and Engineering Technology","10.22214/ijraset.2026.79296","https://openalex.org/W7151787267","String 1","EXCLUDE","EC4 - No REST API testing context","",""
"161","SecPI: Secure Code Generation with Reasoning Models via Security Reasoning Internalization","Dr. Hao Wang | Niels Mündler | Mark Vero | Jingxuan He | Dawn Song | Martin Vechev","2026","arXiv (Cornell University)","","https://openalex.org/W7152331126","String 1","EXCLUDE","EC4 - Code generation","",""
"162","DAnTE: a taxonomy for the automation degree of software engineering tasks","Jorge Melegati | Eduardo Guerra","2023","arXiv (Cornell University)","10.48550/arxiv.2309.14903","https://openalex.org/W4387151420","String 1","EXCLUDE","EC4 - No REST API testing context","",""
"163","Why Do Developers Engage with ChatGPT in Issue-Tracker? Investigating Usage and Reliance on ChatGPT-Generated Code","Joy Krishan Das | Saikat Mondal | Chanchal K. Roy","2024","arXiv (Cornell University)","10.48550/arxiv.2412.06757","https://openalex.org/W4405254513","String 1","EXCLUDE","EC4 - No REST API testing context","",""
"164","ClassEval-Pro: A Cross-Domain Benchmark for Class-Level Code Generation","Yeheng Chen | Chaoxiang Xie | Yuling Shi | Wenhao Zeng | Yongpan Wang | Hongyu Zhang | Xiaodong Gu (1376928)","2026","arXiv (Cornell University)","","https://openalex.org/W7159734504","String 1","EXCLUDE","EC4 - Code generation","",""
"165","Anota: Identifying Business Logic Vulnerabilities via Annotation-Based Sanitization","Meng Wang | Philipp Görz | Joschua Schilling | Keno Hassler | Liwei Guo | Thorsten Holz | Ali Abbasi","2026","","10.14722/ndss.2026.240938","https://openalex.org/W7160998124","String 1","EXCLUDE","EC4 - No REST API testing context","",""
"166","Testing Certificate Authorities: An Empirical Study and Stateful Fuzzing Approach","Akshith Gunasekaran | Max Chase | Zane Ma | Rakesh B. Bobba | Manish Motwani","2026","","10.36227/techrxiv.176972158.85579194/v1","https://openalex.org/W7126115792","String 1","EXCLUDE","EC4 - No REST API testing context","",""
"167","FalseCrashReducer: Mitigating False Positive Crashes in OSS-Fuzz-Gen Using Agentic AI","Paschal C. Amusuo | Dongge Liu | Ricardo Andrés Calvo Méndez | Jonathan Metzman | Oliver Chang | James C. Davis","2025","ArXiv.org","10.48550/arxiv.2510.02185","https://openalex.org/W4414821089","String 1","EXCLUDE","EC4 - No REST API testing context","",""
"168","Large Language Models for Automated Web-Form-Test Generation: An Empirical Study","Li Tao | Chenhui Cui | Rubing Huang | Dave Towey | Lei Ma","2024","arXiv (Cornell University)","10.48550/arxiv.2405.09965","https://openalex.org/W4397028334","String 1","EXCLUDE","EC4 - No REST API testing context","",""
"169","VLM-Fuzz: Vision language model assisted recursive depth-first search exploration for effective GUI testing of android apps","Biniam Fisseha Demissie | Yan Naing Tun | Lwin Khin Shar | Mariano Ceccato","2026","Empirical Software Engineering","10.1007/s10664-026-10816-4","https://openalex.org/W7128776321","String 1","EXCLUDE","EC4 - GUI/mobile testing","",""
"170","Code2UML: Agentic LLMs with context engineering for scalable software visualization","Alin-Gabriel Văduva | Anca-Ioana Andreescu | Simona-Vasilica Oprea | Adela Bârã","2026","arXiv (Cornell University)","","https://openalex.org/W7162605851","String 1","EXCLUDE","EC4 - No REST API testing context","",""
"171","SaaSBench: Exploring the Boundaries of Coding Agents in Long-Horizon Enterprise SaaS Engineering","Qingnan Ren | Shun Zou | Shiting Huang | Ziao Zhang | Kou Shi | Zhen Fang | Yiming Zhao | Yu Zeng | Qisheng Su | Lin Chen | Yong Wei Wang | Zehui Chen | Xiangxiang Chu | Feng Zhao","2026","ArXiv.org","","https://openalex.org/W7161916554","String 1","EXCLUDE","EC4 - No REST API testing context","",""
"172","Knowledge Graphs for Software Engineering: A Systematic Review of Applications, Techniques, and Emerging LLM Integration","Sajid Ahmed | Abdullah Soomro(Corresponding Author) | Kishor Kumar | Ubaidullah alias Kashif | Muhammad Raees | Wajahat Akbar","2026","Global Research Journal of Natural Science and Technology","10.53762/grjnst.04.01.31","https://openalex.org/W7160201655","String 1","EXCLUDE","EC4 - General survey, not REST API focused","",""
"173","Combining Large Language Models with Static Analyzers for Code Review Generation","Imen Jaoua | Oussama Ben Sghaier | Houari Sahraoui","2025","ArXiv.org","10.48550/arxiv.2502.06633","https://openalex.org/W4407359250","String 1","EXCLUDE","EC4 - General survey, not REST API focused","",""
"174","ARTIFICIAL INTELLIGENCE: A POWERFUL ASSISTANT IN SELF-LEARNING FOR COMPUTER SCIENCE STUDENTS","Thị Thanh Hiên Lê","2025","Journal of Education and Society","10.64410/ibhc3913","https://openalex.org/W7135089175","String 1","EXCLUDE","EC4 - No REST API testing context","",""
"175","Enhancing Testing at Meta with Rich-State Simulated Populations","Nadia Alshahwan | Arianna Blasi | Kinga Bojarczuk | Andrea Ciancone | Natalija Gucevska | Mark Harman | Simon Schellaert | Inna Harper | Yue Jia | Michał Królikowski | W B LEWIS | Dragos Martac | Rubmary Rojas | Kate Ustiuzhanina","2024","arXiv (Cornell University)","10.48550/arxiv.2403.15374","https://openalex.org/W4393178691","String 1","EXCLUDE","EC4 - No REST API testing context","",""
"176","A survey of automated testing techniques for android-based mobile applications","Ndukwe-Oke Eke | Ibrahim Anka Salihu | Ahmed Usman | Rosziati Ibrahim | Y A Mshelia","2025","Nigerian Journal of Technology","10.4314/njt.v44i2.15","https://openalex.org/W4414754477","String 1","EXCLUDE","EC4 - GUI/mobile testing","",""
"177","SkillScope: Toward Fine-Grained Least-Privilege Enforcement for Agent Skills","Jiangrong Wu | Yuhong Nan | Yixi Lin | Huaijin Wang | Yuming Xiao | Shuai Wang | Zibin Zheng","2026","ArXiv.org","","https://openalex.org/W7160726531","String 1","EXCLUDE","EC4 - No REST API testing context","",""
"178","Grey-Box Fuzzing in Constrained Ultra-Large Systems: Lessons for SE Community","Jiazhao Yu | Yingfeng Tu | Zhang, Zhanlei | Tiehua Zhang | Lei Cheng | Weigang Wu | Hong Jin Kang | Xi Zheng","2025","ArXiv.org","10.48550/arxiv.2501.10269","https://openalex.org/W4406604283","String 1","EXCLUDE","EC4 - No REST API testing context","",""
"179","","","2025","","10.18293/jvlc2025-n2","https://openalex.org/W4415441929","String 1","EXCLUDE","EC4 - No REST API testing context","",""
"180","A Systematic Literature Review on Automated Exploit and Security Test Generation","Quang-Cuong Bui | Emanuele Iannone | Maria Camporese | Torge Hinrichs | Catherine Tony | László Tóth | Fabio Palomba | Péter Hegedűs | Fabio Massacci | Riccardo Scandariato","2025","ArXiv.org","10.48550/arxiv.2502.04953","https://openalex.org/W4407310127","String 1","EXCLUDE","EC4 - General survey, not REST API focused","",""
"181","Generative AI solutions for software quality: Assessing industrial readiness","André Gheventer | Patricia do Amaral Gurgel | Carlos Henrique Brito | Rafael de Mello | Sabrina Rocha | Rodrigo Feitosa | G. B. S. Travassos","2026","Software Quality Journal","10.1007/s11219-026-09754-7","https://openalex.org/W7161031859","String 1","EXCLUDE","EC4 - No REST API testing context","",""
"182","Exploring Impact of ChatGPT in Software Development : An Experimental Study on Code Generation and Legacy Code Improvement","Mahmud Hossain","2026","Trepo - Institutional Repository of Tampere University","","https://openalex.org/W7145806804","String 1","EXCLUDE","EC4 - Code generation","",""
"183","ScarfBench: A Benchmark for Cross-Framework Application Migration in Enterprise Java","Advait Pavuluri | Bridget McGinn | Ashita Saxena | George Safta | Srikanth Tamilselvam | Raju Pavuluri | Michele Merler | Baishakhi Ray | Rahul Krishna","2026","ArXiv.org","","https://openalex.org/W7160969277","String 1","EXCLUDE","EC4 - No REST API testing context","",""
"184","TaskEval: Assessing Difficulty of Code Generation Tasks for Large Language Models","Florian Tambon | Amin Nikanjam | Zid, Cyrine | Foutse Khomh | Giuliano Antoniol","2024","arXiv (Cornell University)","10.48550/arxiv.2407.21227","https://openalex.org/W4401306450","String 1","EXCLUDE","EC4 - Code generation","",""
"185","RIMFuzz: real-time impact-aware mutation for library API fuzzing","Xiaoke Wang | Lei Zhao","2025","Journal of King Saud University - Computer and Information Sciences","10.1007/s44443-025-00050-1","https://openalex.org/W4410941997","String 1","EXCLUDE","EC4 - No REST API testing context","",""
"186","From Developer Assistance to Complete Development Automation: A Workflow-Centric Framework for AI Code Generation","В. Д. Сонькин | Cătălin Tudose","2025","Preprints.org","10.20944/preprints202501.2340.v1","https://openalex.org/W4407037003","String 1, String 2","EXCLUDE","EC4 - Code generation","",""
"187","A Comparative Study of Intelligent Synthetic Test Generation in Distributed Software Architectures for Improving Cross-Layer Validation Efficiency","Naveen Prakash","2026","American Journal of Technology","10.58425/ajt.v5i4.525","https://openalex.org/W7155416077","String 1","EXCLUDE","EC4 - No REST API testing context","",""
"188","Test Code Review in the Era of GitHub Actions: A Replication Study","Hui Sun | Yinan Wu | Wesley K. G. Assunção | Kathryn T. Stolee","2026","ArXiv.org","","https://openalex.org/W7139146614","String 1","EXCLUDE","EC4 - General survey, not REST API focused","",""
"189","SoK: The Pitfalls of Deep Reinforcement Learning for Cybersecurity","Shae McFadden | Myles Foley | Elizabeth Bates | Ilias Tsingenopoulos | Sanyam Vyas | Vasilios Mavroudis | Chris Hicks | Fabio Pierazzi","2026","ArXiv.org","","https://openalex.org/W7128555868","String 1","EXCLUDE","EC4 - No REST API testing context","",""
"190","Automating The Detection and Resolution of Build Conflicts in Software Merge for Java Programs","Sheikh Shadab Towqir","2026","VTechWorks (Virginia Tech)","","https://openalex.org/W7124390236","String 1","EXCLUDE","EC4 - No REST API testing context","",""
"191","Metamorphic Testing of Vision-Language Action-Enabled Robots","Pablo Valle | Sergio Segura | Shaukat Ali | Aitor Arrieta","2026","ArXiv.org","","https://openalex.org/W7131909518","String 1","EXCLUDE","EC4 - No REST API testing context","",""
"192","Assessing the Impact of AI-Augmented DevSecOps on Lead Time in Agile Release Management","Jimmy Agung Gunawan | Moses Laksono Singgih | Ginardi Raden Venantius Hari","2026","F1000Research","10.12688/f1000research.178067.1","https://openalex.org/W7160834532","String 1","EXCLUDE","EC4 - No REST API testing context","",""
"193","PatchTrack: A comprehensive analysis of ChatGPT’s influence on pull request outcomes","Daniel Ogenrwot | John Businge","2026","Empirical Software Engineering","10.1007/s10664-026-10869-5","https://openalex.org/W4417517238","String 1","EXCLUDE","EC4 - No REST API testing context","",""
"194","Software Security Testing Techniques and Tools","T. Klooster | S. Kumarswamy-Das | T.A. van Rooijakkers | B.J. te Paske","2024","TNO Repository","","https://openalex.org/W7132035346","String 1","EXCLUDE","EC4 - No REST API testing context","",""
"195","Why android app testing falls short: empirical insights from open-source projects and a practitioner survey","Tarek Mahmud | Meiru Che | Anne H. H. Ngu | Guowei Yang","2025","Empirical Software Engineering","10.1007/s10664-025-10726-x","https://openalex.org/W4414409640","String 1, String 2","EXCLUDE","EC4 - GUI/mobile testing","",""
"196","An Exploratory Study of Code Retrieval Techniques in Coding Agents","Priyanshu Jain","2025","Preprints.org","10.20944/preprints202510.0924.v1","https://openalex.org/W4415174875","String 1","EXCLUDE","EC4 - No REST API testing context","",""
"197","AI-Augmented Continuous Delivery in Regulated Industries: A Compliance-First Strategy","Srichandra Boosa","2025","International Journal of AI BigData Computational and Management Studies","10.63282/3050-9416.ijaibdcms-v6i1p111","https://openalex.org/W4413488100","String 1","EXCLUDE","EC4 - No REST API testing context","",""
"198","Engineering in the Age of AI: Leveraging Copilot for Enhanced Software Development","Santosh Ratna Deepika Addagalla","2025","International Journal of Engineering and Advanced Technology Studies","10.37745/ijeats.13/vol13n12943","https://openalex.org/W4409511889","String 1","EXCLUDE","EC4 - No REST API testing context","",""
"199","Detecting and Evaluating Order-Dependent Flaky Tests in JavaScript","Negar Hashemi | Amjed Tahir | Shawn Rasheed | August Shi | Rachel Blagojevic","2025","ArXiv.org","10.48550/arxiv.2501.12680","https://openalex.org/W4406779101","String 1","EXCLUDE","EC5 - Test flakiness","",""
"200","Concurrency Testing in the Linux Kernel via eBPF","Jiacheng Xu | Dylan Wolff | Xing Han | Jialin Li | Abhik Roychoudhury","2025","ArXiv.org","10.48550/arxiv.2504.21394","https://openalex.org/W4417522619","String 1","EXCLUDE","EC4 - No REST API testing context","",""
"201","A quantum-inspired, biomimetic, and fractal framework for self-healing AI code generation: bridging responsible automation and emergent intelligence","Mohammadreza Nehzati","2025","Frontiers in Artificial Intelligence","10.3389/frai.2025.1662220","https://openalex.org/W4415982855","String 1","EXCLUDE","EC4 - Code generation","",""
"202","Reducing Maintenance Burden in Behaviour-Driven Development: A Paraphrase-Robust Duplicate-Step Detector with a 1.1M-Step Open Benchmark","Ali Hassaan Mughal | Noor Fatima | Muhammad Bilal","2026","ArXiv.org","","https://openalex.org/W7155573761","String 1","EXCLUDE","EC4 - No REST API testing context","",""
"203","Leveraging large code bases for bug detection and test generation","Ellen Arteca","2023","","10.17760/d20560779","https://openalex.org/W4388760773","String 1","EXCLUDE","EC4 - No REST API testing context","",""
"204","SWEBOK — ориентир программной инженерии","Д. Волков","2024","Открытые системы СУБД","10.51793/os.2024.14.91.003","https://openalex.org/W4409183754","String 1","EXCLUDE","IC1 - Non-English","",""
"205","PCART: Automated Repair of Python API Parameter Compatibility Issues","Shuai Zhang | Guanping Xiao | Jun Wang | Huashan Lei | He, Gangqiang | Yepang Liu | Zheng Zheng","2024","arXiv (Cornell University)","10.48550/arxiv.2406.03839","https://openalex.org/W4399454880","String 1","EXCLUDE","EC4 - No REST API testing context","",""
"206","MBTModelGenerator: Automated reverse engineering of test models from clickstream data for model-based testing of web applications","Vahid Garousi | Sasidhar Matta | Alper Buğra Keleş | Yunus Balaman | Zafar Jafarov | Aytan Mövsümova | Atif Namazov","2025","Journal of Systems and Software","10.1016/j.jss.2025.112745","https://openalex.org/W7114989174","String 2","EXCLUDE","IC4 - No LLM involvement","",""
