tag,method,path,status
ncs:llm,GET,/api/bessj/abc/1.0,400
ncs:llm,GET,/api/remainder/10.5/3,400
ncs:llm,GET,/api/bessj/10/5.0,200
ncs:llm,GET,/api/fisher/2147483647/10/2.5,400
ncs:llm,GET,/api/remainder/10/3,200
ncs:llm,GET,/api/fisher/5/10/2.5,200
ncs:llm,GET,/api/remainder/10,404
ncs:llm,GET,/api/remainder/-10/3,200
ncs:llm,GET,/api/remainder/10/-3,200
ncs:llm,GET,/api/bessj/2/1.0,400
ncs:llm,GET,/api/gammq/2.0/1.0,200
ncs:llm,GET,/api/bessj/2,404
ncs:llm,GET,/api/triangle/-3/-4/-5,200
ncs:llm,GET,/api/triangle/0/3/4,200
ncs:llm,GET,/api/gammq/0.5/2.0,200
ncs:llm,GET,/api/triangle/1/2/3,200
ncs:llm,GET,/api/gammq/3.0/3.0,200
ncs:llm,GET,/api/expint/1/xyz,400
ncs:llm,GET,/api/fisher/5/10/NaN,200
ncs:llm,GET,/api/triangle/3.5/4/5,400
ncs:llm,GET,/api/expint/0/1.0,200
ncs:llm,GET,/api/expint/1/0.0,400
ncs:llm,GET,/api/gammq/0.0/1.0,400
ncs:llm,GET,/api/gammq/2.0/0.0,200
ncs:llm,GET,/api/fisher/a/b/c,400
ncs:llm,GET,/api/expint/-1/1.0,400
ncs:llm,GET,/api/expint/1/-1.0,400
ncs:llm,GET,/api/triangle/a/b/c,400
ncs:llm,GET,/api/remainder/7/7,200
ncs:llm,GET,/api/expint/2147483647/1.0,200
ncs:llm,GET,/api/triangle/abc/4/5,400
ncs:llm,GET,/api/fisher/-1/10/2.5,200
ncs:llm,GET,/api/fisher/5/10/-1.0,200
ncs:llm,GET,/api/bessj/1.0,404
ncs:llm,GET,/api/bessj/-1/1.0,400
ncs:llm,GET,/api/bessj/2/-1.0,400
ncs:llm,GET,/api/bessj/2/xyz,400
ncs:llm,GET,/api/fisher/0/10/2.5,200
ncs:llm,GET,/api/fisher/5/0/2.5,200
ncs:llm,GET,/api/fisher/5/10/0.0,200
ncs:llm,GET,/api/triangle/6/8/10,200
ncs:llm,GET,/api/fisher/abc/10/2.5,400
ncs:llm,GET,/api/fisher/5/xyz/2.5,400
ncs:llm,GET,/api/gammq/2.0,404
ncs:llm,GET,/api/gammq/-1.0/1.0,400
ncs:llm,GET,/api/gammq/2.0/-1.0,400
ncs:llm,GET,/api/remainder/3/10,200
ncs:llm,GET,/api/expint/1/1.0,200
ncs:llm,GET,/api/gammq/abc/1.0,400
ncs:llm,GET,/api/gammq/2.0/xyz,400
ncs:llm,GET,/api/triangle/2147483647/2147483647/2147483647,200
ncs:llm,GET,/api/triangle/3/3/3,200
ncs:llm,GET,/api/expint/1,404
ncs:llm,GET,/api/bessj/2147483647/1.0,400
ncs:llm,GET,/api/bessj/2/1.7976931348623157E308,400
ncs:llm,GET,/api/gammq/2.0/1.0E300,200
ncs:llm,GET,/api/gammq/1.0E-300/1.0,200
ncs:llm,GET,/api/triangle/5/5/3,200
ncs:llm,GET,/api/gammq/0.0/0.0,400
ncs:llm,GET,/api/triangle/1/1/1,200
ncs:llm,GET,/api/fisher/1/1/1.0,200
ncs:llm,GET,/api/bessj/1/2.5,400
ncs:llm,GET,/api/expint/1/Infinity,400
ncs:llm,GET,/api/triangle/-1/3/4,200
ncs:llm,GET,/api/expint/abc/1.0,400
ncs:llm,GET,/api/triangle/3/4,404
ncs:llm,GET,/api/remainder/2147483647/3,400
ncs:llm,GET,/api/remainder/abc/3,400
ncs:llm,GET,/api/remainder/10/xyz,400
ncs:llm,GET,/api/fisher/5/10,404
ncs:llm,GET,/api/expint/2/0.5,200
ncs:llm,GET,/api/triangle/1/2/10,200
ncs:llm,GET,/api/remainder/-2147483648/3,400
ncs:llm,GET,/api/bessj/0/1.0,400
ncs:llm,GET,/api/bessj/2/0.0,400
ncs:llm,GET,/api/fisher/5/10/notANumber,400
ncs:llm,GET,/api/triangle/0/0/0,200
ncs:llm,GET,/api/remainder/0/0,200
ncs:llm,GET,/api/remainder/0/3,200
ncs:llm,GET,/api/remainder/10/0,200
ncs:llm,GET,/api/triangle/3/4/5,200
ncs:manual,GET,/api/bessj/1/0.0,400
ncs:manual,GET,/api/fisher/5/10/,404
ncs:manual,GET,/api/triangle/3/4/5,200
ncs:manual,GET,/api/expint/1/1.0E250,200
ncs:manual,GET,/api/gammq/-1.0/2.5,400
ncs:manual,GET,/api/triangle/notAnInt/4/5,400
ncs:manual,GET,/api/remainder/2147483647/1,400
ncs:manual,GET,/api/expint/0/1.0,200
ncs:manual,GET,/api/fisher/5/-1/1.0,200
ncs:manual,GET,/api/remainder/-10/3,200
ncs:manual,GET,/api/gammq/notANumber/1.0,400
ncs:manual,GET,/api/fisher/-1/10/1.0,200
ncs:manual,GET,/api/remainder/-2147483648/1,400
ncs:manual,GET,/api/triangle/1/1/100,200
ncs:manual,GET,/api/fisher/2147483647/2147483647/1.0,400
ncs:manual,GET,/api/expint/3/2.0,200
ncs:manual,GET,/api/gammq/1.0/0.0,200
ncs:manual,GET,/api/expint/1/notANumber,400
ncs:manual,GET,/api/triangle/-3/4/5,200
ncs:manual,GET,/api/remainder/10/,404
ncs:manual,GET,/api/triangle/3/4/,404
ncs:manual,GET,/api/fisher/5/0/1.0,200
ncs:manual,GET,/api/expint/-5/2.0,400
ncs:manual,GET,/api/gammq/1.0/,404
ncs:manual,GET,/api/gammq/1.5/2.5,200
ncs:manual,GET,/api/remainder/10/3,200
ncs:manual,GET,/api/bessj/2147483647/1.0,400
ncs:manual,GET,/api/bessj/1/1.0E300,400
ncs:manual,GET,/api/remainder/0/5,200
ncs:manual,GET,/api/triangle/5/5/5,200
ncs:manual,GET,/api/fisher/0/10/1.0,200
ncs:manual,GET,/api/bessj/1/,404
ncs:manual,GET,/api/triangle/0/4/5,200
ncs:manual,GET,/api/expint/1/0.0,400
ncs:manual,GET,/api/gammq/1.5/-2.5,400
ncs:manual,GET,/api/fisher/5/10/1.0,200
ncs:manual,GET,/api/remainder/10/0,200
ncs:manual,GET,/api/triangle/1/1/1,200
ncs:manual,GET,/api/fisher/xyz/10/1.0,400
ncs:manual,GET,/api/triangle/2147483647/2147483647/2147483647,200
ncs:manual,GET,/api/bessj/0/1.0,400
ncs:manual,GET,/api/fisher/5/10/0.0,200
ncs:manual,GET,/api/expint/2/-1.0,400
ncs:manual,GET,/api/expint/,404
ncs:manual,GET,/api/remainder/notAnInt/3,400
ncs:manual,GET,/api/bessj/2/1.5,400
ncs:manual,GET,/api/bessj/-1/1.5,400
ncs:manual,GET,/api/bessj/abc/1.5,400
ncs:manual,GET,/api/gammq/1.0/1.0E-300,200
ncs:manual,GET,/api/gammq/0.0/1.0,400
ncs:manual,GET,/api/gammq/1.0E300/1.0,200
ncs:evomaster,GET,/api/remainder/-320026994/942,400
ncs:evomaster,GET,/api/bessj/727512296/-5.0001709809380907E8,400
ncs:evomaster,GET,/api/gammq/6.383392461146921E8/-1.096194376077925E9,400
ncs:evomaster,GET,/api/remainder/69/-679741929,400
ncs:evomaster,GET,/api/remainder/859912136/87,400
ncs:evomaster,GET,/api/bessj/-124793037/1.258864753051408E9,400
ncs:evomaster,GET,/api/expint/-1020642694/1.0107407513445866E9,400
ncs:evomaster,GET,/api/gammq/-5.101021830795443E7/1.4388963814159533E8,400
ncs:evomaster,GET,/api/fisher/525/813881235/-6.081053707528765E8,400
ncs:evomaster,GET,/api/expint/856/-2.4536536062564477E8,400
ncs:evomaster,OPTIONS,/api/expint/908/-8.258253944838439E8,200
ncs:evomaster,GET,/api/bessj/693/-5.58891299995347E8,200
ncs:evomaster,OPTIONS,/api/triangle/99/77/700,200
ncs:evomaster,GET,/api/remainder/652/363,200
ncs:evomaster,GET,/api/triangle/-1620430331/35/573,200
ncs:evomaster,OPTIONS,/api/gammq/-1.1426958052402277E9/-899919.80185809,200
ncs:evomaster,GET,/api/triangle/309/-803099262/71,200
ncs:evomaster,GET,/api/gammq/1.4294774922666126E8/5.699117702834781E7,200
ncs:evomaster,GET,/v2/api-docs,200
ncs:evomaster,GET,/api/expint/102/6.155255897282025E7,200
ncs:evomaster,GET,/api/fisher/696/938/-6.555532181717231E8,200
ncs:evomaster,GET,/api/bessj/522/1.516251303299464E8,200
ncs:evomaster,GET,/api/fisher/816/500/2.9723554618885607E8,200
ncs:evomaster,GET,/api/fisher/-2021786572/53/-1.814080305663621E7,200
ncs:evomaster,GET,/api/fisher/205/-778307630/6.644346908789779E8,200
ncs:evomaster,GET,/api/triangle/899/650/378,200
ncs:evomaster,OPTIONS,/api/fisher/14/810/-5.235684050890768E8,200
ncs:evomaster,OPTIONS,/api/bessj/528/4.548755340949485E7,200
ncs:evomaster,OPTIONS,/api/remainder/664/238,200
ncs:evomaster,GET,/api/triangle/696/806/-1615689899,200
scs:llm,GET,/api/pat/hello123,200
scs:llm,GET,/api/ordered4/d/c/b/a,200
scs:llm,GET,/api/calc/add/0.000000001/0.000000001,200
scs:llm,GET,/api/title/%20/Mr,200
scs:llm,GET,/api/title/female/Mrs,200
scs:llm,GET,/api/ordered4/a%00b/c/d/e,400
scs:llm,GET,/api/dateparse/Monday/January,200
scs:llm,GET,/api/cookie/session/abc123,404
scs:llm,GET,/api/costfuns/2147483647/maxtest,200
scs:llm,GET,/api/filesuffix/dir/aaaaaaaaaaaaaaaaaaaaaaaaaaaaaaaaaaaaaaaaaaaaaaaaaaaaaaaaaaaaaaaaaaaaaaaaaaaaaaaaaaaaaaaaaaaaaaaaaaaaaaaaaaaaaaaaaaaaaaaaaaaaaaaaaaaaaaaaaaaaaaaaaaaaaaaaaaaaaaaaaaaaaaaaaaaaaaaaaaaaaaaaaaaaaaaaaaaaaaaa.txt,200
scs:llm,GET,/api/text2txt/hello/world,404
scs:llm,GET,/api/ordered4/1/2/3/4,200
scs:llm,GET,/api/costfuns/abc/hello,400
scs:llm,GET,/api/dateparse/Mon/Jan,200
scs:llm,GET,/api/title/female/Miss,200
scs:llm,GET,/api/ordered4/zzzzzzzzzzzzzzzzzzzzzzzzzzzzzzzzzzzzzzzzzzzzzzzzzzzzzzzzzzzzzzzzzzzzzzzzzzzzzzzzzzzzzzzzzzzzzzzzzzzz/a/b/c,200
scs:llm,GET,/api/dateparse/Monday/Octember,200
scs:llm,GET,/api/title/other/Mr,200
scs:llm,GET,/api/cookie/a/b/c,200
scs:llm,GET,/api/calc/subtract/20/3,200
scs:llm,GET,/api/filesuffix/home,404
scs:llm,GET,/api/pat/hello/ell,200
scs:llm,GET,/api/notypevar/-2147483648/min,200
scs:llm,GET,/api/calc/INVALIDOP/10/5,200
scs:llm,GET,/api/dateparse/Friday/December,200
scs:llm,GET,/api/title/Male/Mr,200
scs:llm,GET,/api/calc/%20/10/5,200
scs:llm,GET,/api/text2txt/123/456/789,200
scs:llm,GET,/api/cookie/name/value/site,200
scs:llm,GET,/api/pat/abc/abc,200
scs:llm,GET,/api/pat/ab/abcdefgh,200
scs:llm,GET,/api/pat/hello/(world),200
scs:llm,GET,/api/calc/add/10/5,200
scs:llm,GET,/api/calc/add/1.5/2.5,200
scs:llm,GET,/api/filesuffix/home/.bashrc,200
scs:llm,GET,/api/cookie/auth/token999/https:/secure.example.com,404
scs:llm,GET,/api/dateparse/monday/january,200
scs:llm,GET,/api/pat/user%40example.com,200
scs:llm,GET,/api/calc/add/abc/5,400
scs:llm,GET,/api/calc/add/5/xyz,400
scs:llm,GET,/api/pat/hello/xyz,200
scs:llm,GET,/api/dateparse/Mon%21day/January,200
scs:llm,GET,/api/ordered4/a/b/c/d,200
scs:llm,GET,/api/dateparse/Funday/January,200
scs:llm,GET,/api/title/MALE/MR,200
scs:llm,GET,/api/pat/abcdefghijabcdefghijabcdefghijabcdefghijabcdefghijabcdefghijabcdefghijabcdefghijabcdefghijabcdefghijabcdefghijabcdefghijabcdefghijabcdefghijabcdefghijabcdefghijabcdefghijabcdefghijabcdefghijabcdefghijabcdefghijabcdefghijabcdefghijabcdefghijabcdefghijabcdefghijabcdefghijabcdefghijabcdefghijabcdefghijabcdefghijabcdefghijabcdefghijabcdefghijabcdefghijabcdefghijabcdefghijabcdefghijabcdefghijabcdefghijabcdefghijabcdefghijabcdefghijabcdefghijabcdefghijabcdefghijabcdefghijabcdefghijabcdefghijabcdefghij/abc,200
scs:llm,GET,/api/filesuffix/home/readme.txt,200
scs:llm,GET,/api/dateparse/1/1,200
scs:llm,GET,/api/text2txt/,404
scs:llm,GET,/api/text2txt/hel%26lo/wor%26ld/fo%26o,200
scs:llm,GET,/api/filesuffix/a/b.c,200
scs:llm,GET,/api/calc/multiply/-1/1,200
scs:llm,GET,/api/costfuns/0/test,200
scs:llm,GET,/api/title/male/Mr,200
scs:llm,GET,/api/pat/a,200
scs:llm,GET,/api/calc/add/-5/-3,200
scs:llm,GET,/api/pat/a/a,200
scs:llm,GET,/api/pat/123456,200
scs:llm,GET,/api/calc/add/foo/bar,400
scs:llm,GET,/api/filesuffix/home%2Fuser/file.txt,400
scs:llm,GET,/api/calc/add/1.7976931348623157E308/1.7976931348623157E308,200
scs:llm,GET,/api/title/1/2,200
scs:llm,GET,/api/dateparse/MONDAY/JANUARY,200
scs:llm,GET,/api/ordered4/a/b/c,404
scs:llm,GET,/api/title/female/Mr,200
scs:llm,GET,/api/notypevar/2147483647/max,200
scs:llm,GET,/api/costfuns/5/%20,200
scs:llm,GET,/api/notypevar/0/world,200
scs:llm,GET,/api/ordered4/same/same/same/same,200
scs:llm,GET,/api/calc/add/0/0,200
scs:llm,GET,/api/notypevar/-10/test,200
scs:llm,GET,/api/notypevar/3.14/pi,400
scs:llm,GET,/api/costfuns/-2147483648/mintest,200
scs:llm,GET,/api/title/male/Dr,200
scs:llm,GET,/api/text2txt/a/b/c,200
scs:llm,GET,/api/ordered4/apple/banana/cherry/date,200
scs:llm,GET,/api/cookie/aaaaaaaaaaaaaaaaaaaaaaaaaaaaaaaaaaaaaaaaaaaaaaaaaaaaaaaaaaaaaaaaaaaaaaaaaaaaaaaaaaaaaaaaaaaaaaaaaaaaaaaaaaaaaaaaaaaaaaaaaaaaaaaaaaaaaaaaaaaaaaaaaaaaaaaaaaaaaaaaaaaaaaaaaaaaaaaaaaaaaaaaaaaaaaaaaaaaaaaa/val/site.com,200
scs:llm,GET,/api/costfuns/9999999999/overflow,400
scs:llm,GET,/api/filesuffix/usr/test.java,200
scs:llm,GET,/api/title/male/Lord,200
scs:llm,GET,/api/notypevar/5/hello,200
scs:llm,GET,/api/cookie/session/abc123/example.com,200
scs:llm,GET,/api/costfuns/1/hello,200
scs:llm,GET,/api/cookie/name/val%21%40%23/site,200
scs:llm,GET,/api/notypevar/99999999999/overflow,400
scs:llm,GET,/api/title/male,404
scs:llm,GET,/api/notypevar/1/a,200
scs:llm,GET,/api/text2txt/one/two/three,200
scs:llm,GET,/api/filesuffix/docs/archive.tar.gz,200
scs:llm,GET,/api/pat/,404
scs:llm,GET,/api/calc/multiply/6/7,200
scs:llm,GET,/api/ordered4/a/b/c/d,200
scs:llm,GET,/api/filesuffix/bin/executable,200
scs:llm,GET,/api/calc/divide/10/0,200
scs:llm,GET,/api/costfuns/100/world,200
scs:llm,GET,/api/text2txt/hello/world/foo,200
scs:llm,GET,/api/costfuns/-1/abc,200
scs:llm,GET,/api/dateparse/%20/January,200
scs:llm,GET,/api/text2txt/wordwordwordwordwordwordwordwordwordwordwordwordwordwordwordwordwordwordwordwordwordwordwordwordwordwordwordwordwordwordwordwordwordwordwordwordwordwordwordwordwordwordwordwordwordwordwordwordwordword/short/word,200
scs:llm,GET,/api/pat/aaaaaaaaaaaaaaaaaaaaaaaaaaaaaaaaaaaaaaaaaaaaaaaaaaaaaaaaaaaaaaaaaaaaaaaaaaaaaaaaaaaaaaaaaaaaaaaaaaaaaaaaaaaaaaaaaaaaaaaaaaaaaaaaaaaaaaaaaaaaaaaaaaaaaaaaaaaaaaaaaaaaaaaaaaaaaaaaaaaaaaaaaaaaaaaaaaaaaaaaaaaaaaaaaaaaaaaaaaaaaaaaaaaaaaaaaaaaaaaaaaaaaaaaaaaaaaaaaaaaaaaaaaaaaaaaaaaaaaaaaaaaaaaaaaaaaaaaaaaaaaaaaaaaaaaaaaaaaaaaaaaaaaaaaaaaaaaaaaaaaaaaaaaaaaaaaaaaaaaaaaaaaaaaaaaaaaaaaaaaaaaaaaaaaaaaaaaaaaaaaaaaaaaaaaaaaaaaaaaaaaaaaaaaaaaaaaaaaaaaaaaaaaaaaaaaaaaaaaaaaaaaaaaaaaaaaaaaaaaaaaaaaaaaaaaaaaaaaaaa,200
scs:llm,GET,/api/text2txt/same/same/same,200
scs:llm,GET,/api/notypevar/abc/hello,400
scs:llm,GET,/api/cookie/123/456/789,200
scs:llm,GET,/api/pat/world,200
scs:llm,GET,/api/costfuns/1.5/hello,400
scs:llm,GET,/api/pat/hello,200
scs:llm,GET,/api/pat/12345/234,200
scs:llm,GET,/api/pat/.*%2B%3F%5B%5D,200
scs:llm,GET,/api/calc/divide/10/2,200
scs:manual,GET,/api/costfuns/2147483648/hello,400
scs:manual,GET,/api/calc/add/1.0/2.0,200
scs:manual,GET,/api/cookie/nnnnnnnnnnnnnnnnnnnnnnnnnnnnnnnnnnnnnnnnnnnnnnnnnnnnnnnnnnnnnnnnnnnnnnnnnnnnnnnnnnnnnnnnnnnnnnnnnnnnnnnnnnnnnnnnnnnnnnnnnnnnnnnnnnnnnnnnnnnnnnnnnnnnnnnnnnnnnnnnnnnnnnnnnnnnnnnnnnnnnnnnnnnnnnnnnnnnnnnnnnnnnnnnnnnnnnnnnnnnnnnnnnnnnnnnnnnnnnnnnnnnnnnnnnnnnnnnnnnnnnnnnnnnnnnnnnnnnnnnnnnnnnnnnnnnnnnnnnnnnnnnnnnnnnnnnnnnnnnnnnnnnnnnnnnnnnnnnnnnnnnnnnnnnnnnnnnnnnnnnnnnnnnnnnnnnnnnnnnnnnnnnnnnnnnnnnnnnnnnnnnnnnnnnnnnnnnnnnnnnnnnnnnnnnnnnnnnnnnnnnnnnnnnnnnnnnnnnnnnnnnnnnnnnnnnnnnnnnnnnnnnnnnnnnnnnnnnnnnnnnnnnnnnnnnnnnnnnnnnnnnnnnnnnnnnnnnnnnnnnnnnnnnnnnnnnnnnnnnnnnnnnnnnnnnnnnnnnnnnnnnnnnnnnnnnnnnnnnnnnnnnnnnnnnnnnnnnnnnnnnnnnnnnnnnnnnnnnnnnnnnnnnnnnnnnnnnnnnnnnnnnnnnnnnnnnnnnnnnnnnnnnnnnnnnnnnnnnnnnnnnnnnnnnnnnnnnnnnnnnnnnnnnnnnnnnnnnnnnnnnnnnnnnnnnnnnnnnnnnnnnnnnnnnnnnnnnnnnnnnnnnnnnnnnnnnnnnnnnnnnnnnnnnnnnnnnnnnnnnnnnnnnnnnnnnnnnnnnnnnnnnnnnnnnnnnnnnnnnnnnnnnnnnnnnnnnnnnnnnnnnnnnnnnnnnnnnnnnnnnnnnnnnnnnnnnnnnnnnnnnnnnnnnnnnnnnnnnnnnnnnnnnnnnnnnnnnnnnnnnnnnnnnnnnnnnnnnnnnnnnnnnnnnnnnnnnnnnnnnnnnnnnnnnnnnnnnnnnnnnnnnnnnnnnnnnnnnnnnnnnnnnnnnnnnnnnnnnnnnnnnnnnnnnnnnnnnnnnnnnnnnnnnnnnnnnnnnnnnnnnnnnnnnnnnnnnnnnnnnnnnnnnnnnnnnnnnnnnnnnnnnnnnnnnnnnnnnnnnnnnnnnnnnnnnnnnnnnnnnnnnnnnnnnnnnnnnnnnnnnnnnnnnnnnnnnnnnnnnnnnnnnnnnnnnnnnnnnnnnnnnnnnnnnnnnnnnnnnnnnnnnnnnnnnnnnnnnnnnnnnnnnnnnnnnnnnnnnnnnnnnnnnnnnnnnnnnnnnnnnnnnnnnnnnnnnnnnnnnnnnnnnnnnnnnnnnnnnnnnnnnnnnnnnnnnnnnnnnnnnnnnnnnnnnnnnnnnnnnnnnnnnnnnnnnnnnnnnnnnnnnnnnnnnnnnnnnnnnnnnnnnnnnnnnnnnnnnnnnnnnnnnnnnnnnnnnnnnnnnnnnnnnnnnnnnnnnnnnnnnnnnnnnnnnnnnnnnnnnnnnnnnnnnnnnnnnnnnnnnnnnnnnnnnnnnnnnnnnnnnnnnnnnnnnnnnnnnnnnnnnnnnnnnnnnnnnnnnnnnnnnnnnnnnnnnnnnnnnnnnnnnnnnnnnnnnnnnnnnnnnnnnnnnnnnnnnnnnnnnnnnnnnnnnnnnnnnnnnnnnnnnnnnnnnnnnnnnnnnnnnnnnnnnnnnnnnnnnnnnnnnnnnnnnnnnnnnnnnnnnnnnnnnnnnnnnnnnnnnnnnnnnnnnnnnnnnnnnnnnnnnnnnnnnnnnnnnnnnnnnnnnnnnnnnnnnnnnnnnnnnnnnnnnnnnnnnnnnnnnnnnnnnnnnnnnnnnnnnnnnnnnnnnnnnnnnnnnnnnnnnnnnnnnnnnnnnnnnnnnnnnnnnnnnnnnnnnnnnnnnnnnnnnnnnnnnnnnnnnnnnnnnnnnnnnnnnnnnnnnnnnnnnnnnnnnnnnnnnnnnnnnnnnnnnnnnnnnnnnn/abc123/example.com,200
scs:manual,GET,/api/filesuffix/docs/,404
scs:manual,GET,/api/cookie/sessionId/abc123,404
scs:manual,GET,/api/dateparse/Monday/January,200
scs:manual,GET,/api/title/M,404
scs:manual,GET,/api/text2txt/hello/world/again,200
scs:manual,GET,/api/pat/sampleText123,200
scs:manual,GET,/api/dateparse/Monday,404
scs:manual,GET,/api/dateparse/NotADay/January,200
scs:manual,GET,/api/filesuffix/docs/report.pdf,200
scs:manual,GET,/api/notypevar/abc/sample,400
scs:manual,GET,/api/dateparse/Monday/,404
scs:manual,GET,/api/ordered4/a/b/c/d,200
scs:manual,GET,/api/calc/add/notANumber/2.0,400
scs:manual,GET,/api/cookie/a/b/c,200
scs:manual,GET,/api/text2txt/hello/world,404
scs:manual,GET,/api/ordered4/alpha/gamma/delta,404
scs:manual,GET,/api/notypevar/3/sample,200
scs:manual,GET,/api/ordered4/alpha/beta/gamma,404
scs:manual,GET,/api/pat/,404
scs:manual,GET,/api/notypevar/2147483647/sample,200
scs:manual,GET,/api/calc/add/1.7976931348623157E100/1.7976931348623157E100,200
scs:manual,GET,/api/pat/sampleText123,200
scs:manual,GET,/api/filesuffix/docs,404
scs:manual,GET,/api/calc/add/0/0,200
scs:manual,GET,/api/costfuns/5/hello,200
scs:manual,GET,/api/costfuns/-2147483648/hello,200
scs:manual,GET,/api/pat/sampleText123/,200
scs:manual,GET,/api/cookie/sessionId/abc123/example.com,200
scs:manual,GET,/api/pat/xxxxxxxxxxxxxxxxxxxxxxxxxxxxxxxxxxxxxxxxxxxxxxxxxxxxxxxxxxxxxxxxxxxxxxxxxxxxxxxxxxxxxxxxxxxxxxxxxxxxxxxxxxxxxxxxxxxxxxxxxxxxxxxxxxxxxxxxxxxxxxxxxxxxxxxxxxxxxxxxxxxxxxxxxxxxxxxxxxxxxxxxxxxxxxxxxxxxxxxxxxxxxxxxxxxxxxxxxxxxxxxxxxxxxxxxxxxxxxxxxxxxxxxxxxxxxxxxxxxxxxxxxxxxxxxxxxxxxxxxxxxxxxxxxxxxxxxxxxxxxxxxxxxxxxxxxxxxxxxxxxxxxxxxxxxxxxxxxxxxxxxxxxxxxxxxxxxxxxxxxxxxxxxxxxxxxxxxxxxxxxxxxxxxxxxxxxxxxxxxxxxxxxxxxxxxxxxxxxxxxxxxxxxxxxxxxxxxxxxxxxxxxxxxxxxxxxxxxxxxxxxxxxxxxxxxxxxxxxxxxxxxxxxxxxxxxxxxxxxxxxxxxxxxxxxxxxxxxxxxxxxxxxxxxxxxxxxxxxxxxxxxxxxxxxxxxxxxxxxxxxxxxxxxxxxxxxxxxxxxxxxxxxxxxxxxxxxxxxxxxxxxxxxxxxxxxxxxxxxxxxxxxxxxxxxxxxxxxxxxxxxxxxxxxxxxxxxxxxxxxxxxxxxxxxxxxxxxxxxxxxxxxxxxxxxxxxxxxxxxxxxxxxxxxxxxxxxxxxxxxxxxxxxxxxxxxxxxxxxxxxxxxxxxxxxxxxxxxxxxxxxxxxxxxxxxxxxxxxxxxxxxxxxxxxxxxxxxxxxxxxxxxxxxxxxxxxxxxxxxxxxxxxxxxxxxxxxxxxxxxxxxxxxxxxxxxxxxxxxxxxxxxxxxxxxxxxxxxxxxxxxxxxxxxxxxxxxxxxxxxxxxxxxxxxxxxxxxxxxxxxxxxxxxxxxxxxxxxxxxxxxxxxxxxxxxxxxxxxxxxxxxxxxxxxxxxxxxxxxxxxxxxxxxxxxxxxxxxxxxxxxxxxxxxxxxxxxxxxxxxxxxxxxxxxxxxxxxxxxxxxxxxxxxxxxxxxxxxxxxxxxxxxxxxxxxxxxxxxxxxxxxxxxxxxxxxxxxxxxxxxxxxxxxxxxxxxxxxxxxxxxxxxxxxxxxxxxxxxxxxxxxxxxxxxxxxxxxxxxxxxxxxxxxxxxxxxxxxxxxxxxxxxxxxxxxxxxxxxxxxxxxxxxxxxxxxxxxxxxxxxxxxxxxxxxxxxxxxxxxxxxxxxxxxxxxxxxxxxxxxxxxxxxxxxxxxxxxxxxxxxxxxxxxxxxxxxxxxxxxxxxxxxxxxxxxxxxxxxxxxxxxxxxxxxxxxxxxxxxxxxxxxxxxxxxxxxxxxxxxxxxxxxxxxxxxxxxxxxxxxxxxxxxxxxxxxxxxxxxxxxxxxxxxxxxxxxxxxxxxxxxxxxxxxxxxxxxxxxxxxxxxxxxxxxxxxxxxxxxxxxxxxxxxxxxxxxxxxxxxxxxxxxxxxxxxxxxxxxxxxxxxxxxxxxxxxxxxxxxxxxxxxxxxxxxxxxxxxxxxxxxxxxxxxxxxxxxxxxxxxxxxxxxxxxxxxxxxxxxxxxxxxxxxxxxxxxxxxxxxxxxxxxxxxxxxxxxxxxxxxxxxxxxxxxxxxxxxxxxxxxxxxxxxxxxxxxxxxxxxxxxxxxxxxxxxxxxxxxxxxxxxxxxxxxxxxxxxxxxxxxxxxxxxxxxxxxxxxxxxxxxxxxxxxxxxxxxxxxxxxxxxxxxxxxxxxxxxxxxxxxxxxxxxxxxxxxxxxxxxxxxxxxxxxxxxxxxxxxxxxxxxxxxxxxxxxxxxxxxxxxxxxxxxxxxxxxxxxxxxxxxxxxxxxxxxxxxxxxxxxxxxxxxxxxxxxxxxxxxxxxxxxxxxxxxxxxxxxxxxxxxxxxxxxxxxxxxxxxxxxxxxxxxxxxxxxxxxxxxxxxxxxxxxxxxxxxxxxxxxxxxxxxxxxxxxxxxxxxxxxxxxxxxxxxxxxxxxxxxx,200
scs:manual,GET,/api/cookie/sessionId/example.com,404
scs:manual,GET,/api/costfuns/-1/hello,200
scs:manual,GET,/api/text2txt/hello/again,404
scs:manual,GET,/api/title/Unknown/Mr,200
scs:manual,GET,/api/notypevar/3/,404
scs:manual,GET,/api/costfuns/notAnInt/hello,400
scs:manual,GET,/api/costfuns/0/hello,200
scs:manual,GET,/api/title/M/,404
scs:manual,GET,/api/calc/unsupportedOpXYZ/1.0/2.0,200
scs:manual,GET,/api/notypevar/0/sample,200
scs:manual,GET,/api/calc/add/-1/-1,200
scs:manual,GET,/api/title/M/Mr,200
scs:manual,GET,/api/ordered4/alpha/beta/gamma/delta,200
scs:manual,GET,/api/calc/add/-1.7976931348623157E100/-1.7976931348623157E100,200
scs:manual,GET,/api/calc/add/1.0,404
scs:manual,GET,/api/filesuffix/docs/reportwithoutext,200
scs:manual,GET,/api/costfuns/5/,404
scs:manual,GET,/api/text2txt/a/b/c,200
scs:manual,GET,/api/pat/a,200
scs:manual,GET,/api/costfuns/2147483647/hello,200
scs:evomaster,GET,/api/text2txt/Kpn3DQkUIEv/Z9R8IREOkRbt0/V8z,200
scs:evomaster,GET,/api/calc/dEseNM/6.441572689214741E8/-4.931837269029532E8,200
scs:evomaster,GET,/api/dateparse/aZ_v1F5ErYisMevf/Wuu7,200
scs:evomaster,GET,/api/calc/74G0nC8AuttaE5xp/-3163292.3951719753/-6.672836052934574E8,200
scs:evomaster,OPTIONS,/api/cookie/scs-rest/scs-rest/API%20for%20String%20Case%20Study%20(SCS),200
scs:evomaster,OPTIONS,/api/text2txt/hLFpzbEwCS1o/0/m0aSTiYbIWf2W,200
scs:evomaster,GET,/api/notypevar/9/SATwJC9fY3sX,200
scs:evomaster,GET,/api/notypevar/-358939682/YSwt,200
scs:evomaster,OPTIONS,/api/notypevar/139/path,200
scs:evomaster,GET,/api/pat/bzJT2oM1,200
scs:evomaster,GET,/api/cookie/PY/ncq2yomEo/bbaD0,200
scs:evomaster,OPTIONS,/api/calc/path/-6.048284161485825E8/-1.1528479997798157E8,200
scs:evomaster,GET,/api/filesuffix/FWHjTl/nc7R9IN0,200
scs:evomaster,GET,/v2/api-docs,200
scs:evomaster,OPTIONS,/api/ordered4/path/HrSo/path/path,200
scs:evomaster,GET,/api/costfuns/-559545497/zFtSM95jDGACr1kf,200
scs:evomaster,GET,/api/calc/gvbsIE/-4.86659762571947E7/3.8507425514155227E8,200
scs:evomaster,GET,/api/ordered4/MwD/fJdHY21T25gZqe/Szk_8Cy/wFlpZgLW,200
scs:evomaster,OPTIONS,/api/pat/API%20for%20String%20Case%20Study%20(SCS),200
scs:evomaster,GET,/api/pat/KL9fzcxlQ78B/af4py_,200
scs:evomaster,GET,/api/title/6W4Ckm1NgqVXO/MVpC,200
scs:evomaster,OPTIONS,/api/title/TtEO3U9ZOmtLD/API%20for%20String%20Case%20Study%20(SCS),200
scs:evomaster,OPTIONS,/api/filesuffix/nmzGOR/I,200
scs:evomaster,OPTIONS,/api/pat/API%20for%20String%20Case%20Study%20(SCS)/scs-rest,200
scs:evomaster,GET,/api/costfuns/537/7,200
scs:evomaster,OPTIONS,/api/dateparse/8p6TkzD/Ex,200
scs:evomaster,OPTIONS,/api/costfuns/148/path,200
features:llm,GET,/products/nonExistentProd_GCWNFP_N2/configurations/anyConfig,204
features:llm,POST,/products/ProdUpdateNoDesc_UFOP_B2,201
features:llm,POST,/products/ProdUpdateNoDesc_UFOP_B2/features/FeatureNoDesc_UFOP_B2,201
features:llm,PUT,/products/ProdUpdateNoDesc_UFOP_B2/features/FeatureNoDesc_UFOP_B2,500
features:llm,POST,/products/ProdSpecialFeat_DFOP_E,201
features:llm,DELETE,/products/ProdSpecialFeat_DFOP_E/features/feat%00null,400
features:llm,POST,/products/TestProduct_GPB_Fields,201
features:llm,GET,/products/TestProduct_GPB_Fields,200
features:llm,POST,/products/nonExistentProd_AC_N/configurations/SomeConfig,500
features:llm,POST,/products/P,201
features:llm,POST,/products/P/configurations/C,201
features:llm,GET,/products/P/configurations/C,200
features:llm,POST,/products/ProdDelFeat_DFOP_P,201
features:llm,POST,/products/ProdDelFeat_DFOP_P/features/FeatToDelete_DFOP_P,201
features:llm,DELETE,/products/ProdDelFeat_DFOP_P/features/FeatToDelete_DFOP_P,204
features:llm,POST,/products/ProdSingleCharConf_AC_B,201
features:llm,POST,/products/ProdSingleCharConf_AC_B/configurations/X,201
features:llm,POST,/products/ProdUpdateFeat_UFOP_N2,201
features:llm,PUT,/products/ProdUpdateFeat_UFOP_N2/features/nonExistentFeature_xyz_99999,500
features:llm,GET,/products/00001/features,500
features:llm,POST,/products/ProdDelFeatConf_DF_N,201
features:llm,POST,/products/ProdDelFeatConf_DF_N/configurations/ConfigDelFeat_DF_N,201
features:llm,DELETE,/products/ProdDelFeatConf_DF_N/configurations/ConfigDelFeat_DF_N/features/nonExistentFeature_xyz_99999,500
features:llm,POST,/products/nonExistentProd_ARCP_N/constraints/requires,500
features:llm,POST,/products/ProdEmptyConfigs_GCFP_B,201
features:llm,GET,/products/ProdEmptyConfigs_GCFP_B/configurations,200
features:llm,POST,/products,405
features:llm,POST,/products/ProdForCAF_GCAF_N,201
features:llm,GET,/products/ProdForCAF_GCAF_N/configurations/nonExistentConf_GCAF_N/features,500
features:llm,GET,/products/product%20with%20spaces,500
features:llm,POST,/products/X,201
features:llm,GET,/products/X,200
features:llm,POST,/products/ProdSingleCharFeat_AFTP_B,201
features:llm,POST,/products/ProdSingleCharFeat_AFTP_B/features/F,201
features:llm,PUT,/products/nonExistentProd_UFOP_N/features/anyFeature,500
features:llm,POST,/products/ProdRequiresNoParams_ARCP_B,201
features:llm,POST,/products/ProdRequiresNoParams_ARCP_B/constraints/requires,201
features:llm,POST,/products/ProdUpdateFeat_UFOP_P,201
features:llm,POST,/products/ProdUpdateFeat_UFOP_P/features/FeatureToUpdate_UFOP_P,201
features:llm,PUT,/products/ProdUpdateFeat_UFOP_P/features/FeatureToUpdate_UFOP_P,200
features:llm,POST,/products/ProdRequires_ARCP_P,201
features:llm,POST,/products/ProdRequires_ARCP_P/features/FeatSrc_ARCP_P,201
features:llm,POST,/products/ProdRequires_ARCP_P/features/FeatReq_ARCP_P,201
features:llm,POST,/products/ProdRequires_ARCP_P/constraints/requires,201
features:llm,POST,/products/ProdDoubleDelConf_DC_B,201
features:llm,POST,/products/ProdDoubleDelConf_DC_B/configurations/ConfigDoubleDelete_DC_B,201
features:llm,DELETE,/products/ProdDoubleDelConf_DC_B/configurations/ConfigDoubleDelete_DC_B,204
features:llm,DELETE,/products/ProdDoubleDelConf_DC_B/configurations/ConfigDoubleDelete_DC_B,500
features:llm,POST,/products/0,201
features:llm,POST,/products/ProdActiveFeat_GCAF_P,201
features:llm,POST,/products/ProdActiveFeat_GCAF_P/configurations/ConfigActiveFeat_GCAF_P,201
features:llm,GET,/products/ProdActiveFeat_GCAF_P/configurations/ConfigActiveFeat_GCAF_P/features,200
features:llm,POST,/products/ProdSelfExcludes_AECP_B2,201
features:llm,POST,/products/ProdSelfExcludes_AECP_B2/features/FeatSelf_AECP_B2,201
features:llm,POST,/products/ProdSelfExcludes_AECP_B2/constraints/excludes,201
features:llm,POST,/products/ProdDelFeat_DFOP_N,201
features:llm,DELETE,/products/ProdDelFeat_DFOP_N/features/nonExistentFeature_xyz_99999,500
features:llm,GET,/products/nonExistentProd_GCFP_N/configurations,200
features:llm,POST,/products/ProdDelConstraint_DC_N,201
features:llm,DELETE,/products/ProdDelConstraint_DC_N/constraints/999999999,204
features:llm,POST,/products/ProdEmptyConf_AC_E,201
features:llm,POST,/products/ProdEmptyConf_AC_E/configurations/,405
features:llm,POST,/products/ProdUpdateFeatFields_UFOP_P2,201
features:llm,POST,/products/ProdUpdateFeatFields_UFOP_P2/features/FeatureFields_UFOP_P2,201
features:llm,PUT,/products/ProdUpdateFeatFields_UFOP_P2/features/FeatureFields_UFOP_P2,200
features:llm,POST,/products/ProdAddFeatConf_AFTC_N2,201
features:llm,POST,/products/ProdAddFeatConf_AFTC_N2/configurations/ConfigAddFeat_AFTC_N2,201
features:llm,POST,/products/ProdAddFeatConf_AFTC_N2/configurations/ConfigAddFeat_AFTC_N2/features/nonExistentFeature_xyz_99999,500
features:llm,POST,/products/ProdReqEmptySrc_ARCP_E,201
features:llm,POST,/products/ProdReqEmptySrc_ARCP_E/features/FeatTarget_ARCP_E,201
features:llm,POST,/products/ProdReqEmptySrc_ARCP_E/constraints/requires,201
features:llm,DELETE,/products/nonExistentProd_DC_N/constraints/1,204
features:llm,POST,/products/ProdForGetConf_GCWNFP_N,201
features:llm,GET,/products/ProdForGetConf_GCWNFP_N/configurations/nonExistentConfig_xyz_99999,204
features:llm,POST,/products/ProdDelFeatConf_DF_P,201
features:llm,POST,/products/ProdDelFeatConf_DF_P/configurations/ConfigDelFeat_DF_P,201
features:llm,POST,/products/ProdDelFeatConf_DF_P/features/FeatToDelete_DF_P,201
features:llm,POST,/products/ProdDelFeatConf_DF_P/configurations/ConfigDelFeat_DF_P/features/FeatToDelete_DF_P,201
features:llm,DELETE,/products/ProdDelFeatConf_DF_P/configurations/ConfigDelFeat_DF_P/features/FeatToDelete_DF_P,204
features:llm,POST,/products/ProdDelConf_DC_P,201
features:llm,POST,/products/ProdDelConf_DC_P/configurations/ConfigToDelete_DC_P,201
features:llm,DELETE,/products/ProdDelConf_DC_P/configurations/ConfigToDelete_DC_P,204
features:llm,POST,/products/ProdExclEmptyTarget_AECP_E,201
features:llm,POST,/products/ProdExclEmptyTarget_AECP_E/features/FeatSrcEmpty_AECP_E,201
features:llm,POST,/products/ProdExclEmptyTarget_AECP_E/constraints/excludes,201
features:llm,GET,/products/AAAAAAAAAAAAAAAAAAAAAAAAAAAAAAAAAAAAAAAAAAAAAAAAAAAAAAAAAAAAAAAAAAAAAAAAAAAAAAAAAAAAAAAAAAAAAAAAAAAAAAAAAAAAAAAAAAAAAAAAAAAAAAAAAAAAAAAAAAAAAAAAAAAAAAAAAAAAAAAAAAAAAAAAAAAAAAAAAAAAAAAAAAAAAAAAAAAAAAAAAAAAAAAAAAAAAAAAAAAAAAAAAAAAAAAAAAAAAAAAAAAAAAAAAAAAAAA,500
features:llm,POST,/products/ProdAddFeatDesc_AFTP_P2,201
features:llm,POST,/products/ProdAddFeatDesc_AFTP_P2/features/FeatureWithDesc_AFTP_P2,201
features:llm,POST,/products/ProdExcludes_AECP_N2,201
features:llm,POST,/products/ProdExcludes_AECP_N2/constraints/excludes,201
features:llm,DELETE,/products/nonExistentProd_DFOP_N/features/anyFeature,500
features:llm,POST,/products/ProdConstraintZero_DC_B,201
features:llm,DELETE,/products/ProdConstraintZero_DC_B/constraints/0,204
features:llm,POST,/products/ProdEmptyFeatName_AFTC_E,201
features:llm,POST,/products/ProdEmptyFeatName_AFTC_E/configurations/ConfigEmptyFeat_AFTC_E,201
features:llm,POST,/products/ProdEmptyFeatName_AFTC_E/configurations/ConfigEmptyFeat_AFTC_E/features/,405
features:llm,POST,/products/ProdSelfRequires_ARCP_B2,201
features:llm,POST,/products/ProdSelfRequires_ARCP_B2/features/FeatSelf_ARCP_B2,201
features:llm,POST,/products/ProdSelfRequires_ARCP_B2/constraints/requires,201
features:llm,POST,/products/ProductToDelete_DP_P,201
features:llm,DELETE,/products/ProductToDelete_DP_P,204
features:llm,POST,/products/ProdEmptyFeatName_AFTP_E,201
features:llm,POST,/products/ProdEmptyFeatName_AFTP_E/features/,405
features:llm,POST,/products/ProdRequires_ARCP_N2,201
features:llm,POST,/products/ProdRequires_ARCP_N2/constraints/requires,201
features:llm,POST,/products/nonExistentProd_AFTC_N/configurations/anyConf/features/anyFeature,500
features:llm,POST,/products/ProdDelConf_DC_N,201
features:llm,DELETE,/products/ProdDelConf_DC_N/configurations/nonExistentConfig_DC_N,500
features:llm,POST,/products/ProdDupFeatConf_AFTC_B,201
features:llm,POST,/products/ProdDupFeatConf_AFTC_B/configurations/ConfigDupFeat_AFTC_B,201
features:llm,POST,/products/ProdDupFeatConf_AFTC_B/features/FeatureDup_AFTC_B,201
features:llm,POST,/products/ProdDupFeatConf_AFTC_B/configurations/ConfigDupFeat_AFTC_B/features/FeatureDup_AFTC_B,201
features:llm,POST,/products/ProdDupFeatConf_AFTC_B/configurations/ConfigDupFeat_AFTC_B/features/FeatureDup_AFTC_B,500
features:llm,POST,/products/Z,201
features:llm,POST,/products/ProdExcludes_AECP_P,201
features:llm,POST,/products/ProdExcludes_AECP_P/features/FeatSrc_AECP_P,201
features:llm,POST,/products/ProdExcludes_AECP_P/features/FeatExcl_AECP_P,201
features:llm,POST,/products/ProdExcludes_AECP_P/constraints/excludes,201
features:llm,POST,/products/ProdSpecialConf_DC_E,201
features:llm,DELETE,/products/ProdSpecialConf_DC_E/configurations/!!invalid!!,500
features:llm,POST,/products/ProdDelConstraint_DC_P,201
features:llm,POST,/products/ProdDelConstraint_DC_P/features/FeatSrc_DC_P,201
features:llm,POST,/products/ProdDelConstraint_DC_P/features/FeatReq_DC_P,201
features:llm,POST,/products/ProdDelConstraint_DC_P/constraints/requires,201
features:llm,DELETE,/products/ProdDelConstraint_DC_P/constraints/1,204
features:llm,GET,/products/nonExistentProd_GCAF_N/configurations/anyConfig/features,500
features:llm,POST,/products/ProdDoubleDelFeat_DFOP_B,201
features:llm,POST,/products/ProdDoubleDelFeat_DFOP_B/features/FeatDoubleDelete_DFOP_B,201
features:llm,DELETE,/products/ProdDoubleDelFeat_DFOP_B/features/FeatDoubleDelete_DFOP_B,204
features:llm,DELETE,/products/ProdDoubleDelFeat_DFOP_B/features/FeatDoubleDelete_DFOP_B,500
features:llm,POST,/products/ProdConstraintNeg_DC_B2,201
features:llm,DELETE,/products/ProdConstraintNeg_DC_B2/constraints/-1,204
features:llm,POST,/products/ProdNonNumConstraint_DC_E,201
features:llm,DELETE,/products/ProdNonNumConstraint_DC_E/constraints/notANumber,404
features:llm,GET,/products,200
features:llm,POST,/products/ProdNumericConf_GCAF_E,201
features:llm,GET,/products/ProdNumericConf_GCAF_E/configurations/99999/features,500
features:llm,POST,/products/TestProduct_GPB_P,201
features:llm,GET,/products/TestProduct_GPB_P,200
features:llm,GET,/products/configurations/someConfig,404
features:llm,POST,/products/ProdEmptyFeats_GFFP_B,201
features:llm,GET,/products/ProdEmptyFeats_GFFP_B/features,200
features:llm,POST,/products/ProdMaxLongConstraint_DC_B3,201
features:llm,DELETE,/products/ProdMaxLongConstraint_DC_B3/constraints/9223372036854775807,204
features:llm,GET,/products,200
features:llm,GET,/products/nonExistentProd_GFFP_N/features,500
features:llm,POST,/products/ProdDoubleDelFeat_DF_E,201
features:llm,POST,/products/ProdDoubleDelFeat_DF_E/configurations/ConfigDoubleDelFeat_DF_E,201
features:llm,POST,/products/ProdDoubleDelFeat_DF_E/features/FeatDoubleDelete_DF_E,201
features:llm,POST,/products/ProdDoubleDelFeat_DF_E/configurations/ConfigDoubleDelFeat_DF_E/features/FeatDoubleDelete_DF_E,201
features:llm,DELETE,/products/ProdDoubleDelFeat_DF_E/configurations/ConfigDoubleDelFeat_DF_E/features/FeatDoubleDelete_DF_E,204
features:llm,DELETE,/products/ProdDoubleDelFeat_DF_E/configurations/ConfigDoubleDelFeat_DF_E/features/FeatDoubleDelete_DF_E,204
features:llm,POST,/products/ProdUniqueFeats_GFFP_B2,201
features:llm,GET,/products/ProdUniqueFeats_GFFP_B2/features,200
features:llm,POST,/products/ProdNoActFeat_GCAF_B,201
features:llm,POST,/products/ProdNoActFeat_GCAF_B/configurations/ConfigNoActFeat_GCAF_B,201
features:llm,GET,/products/ProdNoActFeat_GCAF_B/configurations/ConfigNoActFeat_GCAF_B/features,200
features:llm,DELETE,/products/!!invalid!!,500
features:llm,POST,/products/ProdForAddConf_AC_P,201
features:llm,POST,/products/ProdForAddConf_AC_P/configurations/Config_AC_P,201
features:llm,POST,/products/ProdUpdateEmptyDesc_UFOP_B,201
features:llm,POST,/products/ProdUpdateEmptyDesc_UFOP_B/features/FeatureEmptyUpdate_UFOP_B,201
features:llm,PUT,/products/ProdUpdateEmptyDesc_UFOP_B/features/FeatureEmptyUpdate_UFOP_B,200
features:llm,GET,/products/12345/configurations,200
features:llm,GET,/products,406
features:llm,POST,/products/ProdLongConf_AC_B,201
features:llm,POST,/products/ProdLongConf_AC_B/configurations/CCCCCCCCCCCCCCCCCCCCCCCCCCCCCCCCCCCCCCCCCCCCCCCCCCCCCCCCCCCCCCCCCCCCCCCCCCCCCCCCCCCCCCCCCCCCCCCCCCCCCCCCCCCCCCCCCCCCCCCCCCCCCCCCCCCCCCCCCCCCCCCCCCCCCCCCCCCCCCCCCCCCCCCCCCCCCCCCCCCCCCCCCCCCCCCCCCCCCCCCCCCCCCCCCCCCCCCCCCCCCCCCCCCCCCCCCCCCCCCCCCCCCCCCCCCCCCC,201
features:llm,POST,/products/nonExistentProd_AFTP_N/features/anyFeature,500
features:llm,POST,/products/NewProduct_AP_P,201
features:llm,POST,/products/ProdAddFeatConf_AFTC_P,201
features:llm,POST,/products/ProdAddFeatConf_AFTC_P/configurations/ConfigAddFeat_AFTC_P,201
features:llm,POST,/products/ProdAddFeatConf_AFTC_P/features/FeatureToAdd_AFTC_P,201
features:llm,POST,/products/ProdAddFeatConf_AFTC_P/configurations/ConfigAddFeat_AFTC_P/features/FeatureToAdd_AFTC_P,201
features:llm,POST,/products/ProdForGetConf_GCWNFP_Bfields,201
features:llm,POST,/products/ProdForGetConf_GCWNFP_Bfields/configurations/Config_GCWNFP_Bfields,201
features:llm,GET,/products/ProdForGetConf_GCWNFP_Bfields/configurations/Config_GCWNFP_Bfields,200
features:llm,POST,/products/DuplicateProduct_AP_N,201
features:llm,POST,/products/DuplicateProduct_AP_N,201
features:llm,POST,/products/ProdEmptyDesc_AFTP_B3,201
features:llm,POST,/products/ProdEmptyDesc_AFTP_B3/features/FeatureEmptyDesc_AFTP_B3,201
features:llm,POST,/products/ProdUpdateLongDesc_UFOP_E,201
features:llm,POST,/products/ProdUpdateLongDesc_UFOP_E/features/FeatureLongDesc_UFOP_E,201
features:llm,PUT,/products/ProdUpdateLongDesc_UFOP_E/features/FeatureLongDesc_UFOP_E,500
features:llm,POST,/products/ProdGetFeats_GFFP_P,201
features:llm,GET,/products/ProdGetFeats_GFFP_P/features,200
features:llm,POST,/products/ProdAddFeat_AFTP_P,201
features:llm,POST,/products/ProdAddFeat_AFTP_P/features/FeatureAdd_AFTP_P,201
features:llm,POST,/products/ProdForConfigs_GCFP_P,201
features:llm,GET,/products/ProdForConfigs_GCFP_P/configurations,200
features:llm,POST,/products/ProdDupFeat_AFTP_N,201
features:llm,POST,/products/ProdDupFeat_AFTP_N/features/DuplicateFeature_AFTP_N,201
features:llm,POST,/products/ProdDupFeat_AFTP_N/features/DuplicateFeature_AFTP_N,500
features:llm,POST,/products/ProdForGetConf_GCWNFP_P,201
features:llm,POST,/products/ProdForGetConf_GCWNFP_P/configurations/Config_GCWNFP_P,201
features:llm,GET,/products/ProdForGetConf_GCWNFP_P/configurations/Config_GCWNFP_P,200
features:llm,POST,/products/nonExistentProd_AECP_N/constraints/excludes,500
features:llm,POST,/products/ProdFeatNotInConf_DF_B,201
features:llm,POST,/products/ProdFeatNotInConf_DF_B/configurations/ConfigFeatNotIn_DF_B,201
features:llm,POST,/products/ProdFeatNotInConf_DF_B/features/FeatNotInConf_DF_B,201
features:llm,DELETE,/products/ProdFeatNotInConf_DF_B/configurations/ConfigFeatNotIn_DF_B/features/FeatNotInConf_DF_B,204
features:llm,POST,/products/ProdDupConfig_AC_N,201
features:llm,POST,/products/ProdDupConfig_AC_N/configurations/DupConfig_AC_N,201
features:llm,POST,/products/ProdDupConfig_AC_N/configurations/DupConfig_AC_N,201
features:llm,POST,/products/ProdLongFeat_AFTP_B2,201
features:llm,POST,/products/ProdLongFeat_AFTP_B2/features/FFFFFFFFFFFFFFFFFFFFFFFFFFFFFFFFFFFFFFFFFFFFFFFFFFFFFFFFFFFFFFFFFFFFFFFFFFFFFFFFFFFFFFFFFFFFFFFFFFFFFFFFFFFFFFFFFFFFFFFFFFFFFFFFFFFFFFFFFFFFFFFFFFFFFFFFFFFFFFFFFFFFFFFFFFFFFFFFFFFFFFFFFFFFFFFFFFFFFFFFFFFFFFFFFFFFFFFFFFFFFFFFFFFFFFFFFFFFFFFFFFFFFFFFFFFFFFF,201
features:llm,POST,/products/ProdExcludesNoParams_AECP_B,201
features:llm,POST,/products/ProdExcludesNoParams_AECP_B/constraints/excludes,201
features:llm,DELETE,/products/nonExistentProd_DF_N/configurations/anyConf/features/anyFeat,500
features:llm,POST,/products/ProductDoubleDelete_DP_B,201
features:llm,DELETE,/products/ProductDoubleDelete_DP_B,204
features:llm,DELETE,/products/ProductDoubleDelete_DP_B,500
features:llm,POST,/products/ProdDupExcludes_AECP_B3,201
features:llm,POST,/products/ProdDupExcludes_AECP_B3/features/FeatSrcDup_AECP_B3,201
features:llm,POST,/products/ProdDupExcludes_AECP_B3/features/FeatExclDup_AECP_B3,201
features:llm,POST,/products/ProdDupExcludes_AECP_B3/constraints/excludes,201
features:llm,POST,/products/ProdDupExcludes_AECP_B3/constraints/excludes,201
features:llm,GET,/products/nonExistentProduct_xyz_99999,500
features:llm,DELETE,/products/nonExistentProd_DC_N/configurations/anyConfig,500
features:llm,DELETE,/products/nonExistentForDelete_xyz_99999,500
features:llm,POST,/products/BBBBBBBBBBBBBBBBBBBBBBBBBBBBBBBBBBBBBBBBBBBBBBBBBBBBBBBBBBBBBBBBBBBBBBBBBBBBBBBBBBBBBBBBBBBBBBBBBBBBBBBBBBBBBBBBBBBBBBBBBBBBBBBBBBBBBBBBBBBBBBBBBBBBBBBBBBBBBBBBBBBBBBBBBBBBBBBBBBBBBBBBBBBBBBBBBBBBBBBBBBBBBBBBBBBBBBBBBBBBBBBBBBBBBBBBBBBBBBBBBBBBBBBBBBBBBBB,201
features:manual,POST,/products/crudLifecycleProduct,201
features:manual,GET,/products/crudLifecycleProduct,200
features:manual,POST,/products/crudLifecycleProduct/features/crudLifecycleFeature,201
features:manual,PUT,/products/crudLifecycleProduct/features/crudLifecycleFeature,200
features:manual,DELETE,/products/crudLifecycleProduct/features/crudLifecycleFeature,204
features:manual,DELETE,/products/crudLifecycleProduct,204
features:manual,GET,/products/crudLifecycleProduct,500
features:manual,PUT,/products/crudLifecycleProduct/features/crudLifecycleFeature,500
features:manual,DELETE,/products/crudLifecycleProduct/features/crudLifecycleFeature,500
features:manual,DELETE,/products/crudLifecycleProduct,500
features:manual,GET,/products/existingProduct,500
features:manual,GET,/products/someProduct/features,500
features:manual,POST,/products/someProduct/constraints/requires,500
features:manual,DELETE,/products/someProduct/constraints/notANumber,404
features:manual,GET,/products/someProduct/configurations,200
features:manual,GET,/products/someProduct/configurations/,200
features:manual,POST,/products/someProduct/constraints/excludes,500
features:manual,GET,/products/nnnnnnnnnnnnnnnnnnnnnnnnnnnnnnnnnnnnnnnnnnnnnnnnnnnnnnnnnnnnnnnnnnnnnnnnnnnnnnnnnnnnnnnnnnnnnnnnnnnnnnnnnnnnnnnnnnnnnnnnnnnnnnnnnnnnnnnnnnnnnnnnnnnnnnnnnnnnnnnnnnnnnnnnnnnnnnnnnnnnnnnnnnnnnnnnnnnnnnnnnnnnnnnnnnnnnnnnnnnnnnnnnnnnnnnnnnnnnnnnnnnnnnnnnnnnnnnnnnnnnnnnnnnnnnnnnnnnnnnnnnnnnnnnnnnnnnnnnnnnnnnnnnnnnnnnnnnnnnnnnnnnnnnnnnnnnnnnnnnnnnnnnnnnnnnnnnnnnnnnnnnnnnnnnnnnnnnnnnnnnnnnnnnnnnnnnnnnnnnnnnnnnnnnnnnnnnnnnnnnnnnnnnnnnnnnnnnnnnnnnnnnnnnnnnnnnnnnnnnnnnnnnnnnnnnnnnnnnnnnnnnnnnnnnnnnnnnnnnnnnnnnnnnnnnnnnnnnnnnnnnnnnnnnnnnnnnnnnnnnnnnnnnnnnnnnnnnnnnnnnnnnnnnnnnnnnnnnnnnnnnnnnnnnnnnnnnnnnnnnnnnnnnnnnnnnnnnnnnnnnnnnnnnnnnnnnnnnnnnnnnnnnnnnnnnnnnnnnnnnnnnnnnnnnnnnnnnnnnnnnnnnnnnnnnnnnnnnnnnnnnnnnnnnnnnnnnnnnnnnnnnnnnnnnnnnnnnnnnnnnnnnnnnnnnnnnnnnnnnnnnnnnnnnnnnnnnnnnnnnnnnnnnnnnnnnnnnnnnnnnnnnnnnnnnnnnnnnnnnnnnnnnnnnnnnnnnnnnnnnnnnnnnnnnnnnnnnnnnnnnnnnnnnnnnnnnnnnnnnnnnnnnnnnnnnnnnnnnnnnnnnnnnnnnnnnnnnnnnnnnnnnnnnnnnnnnnnnnnnnnnnnnnnnnnnnnnnnnnnnnnnnnnnnnnnnnnnnnnnnnnnnnnnnnnnnnnnnnnnnnnnnnnnnnnnnnnnnnnnnnnnnnnnnnnnnnnnnnnnnnnnnnnnnnnnnnnnnnnnnnnnnnnnnnnnnnnnnnnnnnnnnnnnnnnnnnnnnnnnnnnnnnnnnnnnnnnnnnnnnnnnnnnnnnnnnnnnnnnnnnnnnnnnnnnnnnnnnnnnnnnnnnnnnnnnnnnnnnnnnnnnnnnnnnnnnnnnnnnnnnnnnnnnnnnnnnnnnnnnnnnnnnnnnnnnnnnnnnnnnnnnnnnnnnnnnnnnnnnnnnnnnnnnnnnnnnnnnnnnnnnnnnnnnnnnnnnnnnnnnnnnnnnnnnnnnnnnnnnnnnnnnnnnnnnnnnnnnnnnnnnnnnnnnnnnnnnnnnnnnnnnnnnnnnnnnnnnnnnnnnnnnnnnnnnnnnnnnnnnnnnnnnnnnnnnnnnnnnnnnnnnnnnnnnnnnnnnnnnnnnnnnnnnnnnnnnnnnnnnnnnnnnnnnnnnnnnnnnnnnnnnnnnnnnnnnnnnnnnnnnnnnnnnnnnnnnnnnnnnnnnnnnnnnnnnnnnnnnnnnnnnnnnnnnnnnnnnnnnnnnnnnnnnnnnnnnnnnnnnnnnnnnnnnnnnnnnnnnnnnnnnnnnnnnnnnnnnnnnnnnnnnnnnnnnnnnnnnnnnnnnnnnnnnnnnnnnnnnnnnnnnnnnnnnnnnnnnnnnnnnnnnnnnnnnnnnnnnnnnnnnnnnnnnnnnnnnnnnnnnnnnnnnnnnnnnnnnnnnnnnnnnnnnnnnnnnnnnnnnnnnnnnnnnnnnnnnnnnnnnnnnnnnnnnnnnnnnnnnnnnnnnnnnnnnnnnnnnnnnnnnnnnnnnnnnnnnnnnnnnnnnnnnnnnnnnnnnnnnnnnnnnnnnnnnnnnnnnnnnnnnnnnnnnnnnnnnnnnnnnnnnnnnnnnnnnnnnnnnnnnnnnnnnnnnnnnnnnnnnnnnnnnnnnnnnnnnnnnnnnnnnnnnnnnnnnnnnnnnnnnnnnnnnnnnnnnnnnnnnnnnnnnnnnnnnnnnnnnnnnnnnnnnnnnnnnnnnnnnnnnnnnnnnn,500
features:manual,GET,/products/someProduct/configurations/noSuchConfigXYZ,204
features:manual,GET,/products/noSuchProductXYZ/configurations,200
features:manual,POST,/products/,405
features:manual,GET,/products/someProduct/configurations/someConfig/features,500
features:manual,GET,/products/someProduct/configurations/noSuchConfigXYZ/features,500
features:manual,POST,/products/noSuchProductXYZ/configurations/noSuchConfigXYZ/features/noSuchFeatureXYZ,500
features:manual,DELETE,/products/someProduct/constraints/0,204
features:manual,DELETE,/products/someProduct/constraints/-1,204
features:manual,DELETE,/products/neverCreatedProductXYZ/configurations/neverCreatedConfigXYZ/features/neverCreatedFeatureXYZ,500
features:manual,GET,/products,200
features:manual,GET,/products/someProduct/configurations/someConfig,204
features:manual,POST,/products/someProduct/features/someFeature,500
features:manual,DELETE,/products/someProduct/constraints/1,204
features:manual,DELETE,/products/someProduct/constraints/9223372036854775807,204
features:manual,GET,/products/neverCreatedProductXYZ/features,500
features:manual,POST,/products/someProduct/constraints/excludes,500
features:manual,POST,/products/someProduct/constraints/requires,500
features:manual,POST,/products/someProduct/configurations/someConfig/features/someFeature,500
features:manual,POST,/products/someProduct/constraints/requires,500
features:manual,GET,/products/definitelyDoesNotExist123,500
features:manual,GET,/products/a,500
features:manual,GET,/products/noSuchProductXYZ/features,500
features:manual,GET,/products/,200
features:evomaster,GET,/products/uOpk,500
features:evomaster,POST,/products/s8hfNB8QYxJ/constraints/requires,500
features:evomaster,POST,/products/A/configurations/02x7UQUPXN/features/ZZXC3SpJbyu6f,500
features:evomaster,POST,/products/%3Cimg%20src=x%20onerror=alert('XSS')%3E/configurations/%3Cimg%20src=x%20onerror=alert('XSS')%3E,500
features:evomaster,GET,/products/%3Cimg%20src=x%20onerror=alert('XSS')%3E/configurations/%3Cimg%20src=x%20onerror=alert('XSS')%3E,204
features:evomaster,DELETE,/products/l44vTXRL/configurations/q2vfv/features/hSeropcuHHkgu,500
features:evomaster,GET,/products/nKD1qNbvc/configurations/3n12vCm2wJJ/features,500
features:evomaster,POST,/products/oKhpKTijCeL/configurations/pw,500
features:evomaster,DELETE,/products/unZqajQVmiipd,500
features:evomaster,DELETE,/products/Vw7Yysu/configurations/mSVdjapp,500
features:evomaster,POST,/products/axRAhFP,201
features:evomaster,POST,/products/ProdGetFeats_GFFP_P/features/CeQ1RAg,201
features:evomaster,DELETE,/products/axRAhFP/features/CeQ1RAg,500
features:evomaster,GET,/products/fOfIg4VzVqy/features,500
features:evomaster,PUT,/products/bd9Y/features/wp3p8CVb5PP,500
features:evomaster,POST,/products/VRtFwdC5,201
features:evomaster,POST,/products/TestProduct_ExclConstMissing/configurations/m,500
features:evomaster,POST,/products/f779NGloLnFf/constraints/excludes,500
features:evomaster,DELETE,/products/hlMwNbxjDWlGP/features/KTdBwZ8YsaWfp2,500
features:evomaster,DELETE,/products/F2Tp8aCDDWA/constraints/76,204
features:evomaster,POST,/products/3ZJMo6t/features/a9i2fbXFUVOF,500
features:evomaster,POST,/products/ProdFeatNotInConf_DF_B/constraints/requires,201
features:evomaster,GET,/products/ProdForGetConf_GCWNFP_Bfields/features,200
features:evomaster,POST,/products/ProdUpdateNoDesc_UFOP_B2/constraints/excludes,201
features:evomaster,DELETE,/products/3cUt/constraints/1739650851,204
features:evomaster,GET,/products,200
features:evomaster,POST,/products/0zdfC,201
features:evomaster,DELETE,/products/0zdfC,204
features:evomaster,GET,/products/Z,200
features:evomaster,GET,/swagger.json,200
features:evomaster,POST,/products/ProdDoubleDelFeat_DFOP_B/configurations/MqAYF5iWL8_hjsHv,201
features:evomaster,DELETE,/products/ProdDoubleDelFeat_DFOP_B/configurations/MqAYF5iWL8_hjsHv,204
features:evomaster,GET,/products/9ZGC0gi5tNjI2fwD/configurations/9XlymDkwy,204
features:evomaster,POST,/products/TestProduct_ConfGet,201
features:evomaster,POST,/products/TestProduct_ConfAdd/configurations/yoyBBW9WPPYr87R,500
features:evomaster,POST,/products/ProdGetFeats_GFFP_P/features/CeQ1RAg,500
features:evomaster,GET,/products/EKBzHmo/configurations,200
features:evomaster,DELETE,/products/QdjRr/constraints/-4822406944266270502,204
